"Longitude (x)","Latitude (y)","Station Name","Climate ID","Date/Time (UTC)","Year","Month","Day","Time (UTC)","Flag","Temp (°C)","Temp Flag","Dew Point Temp (°C)","Dew Point Temp Flag","Rel Hum (%)","Rel Hum Flag","Precip. Amount (mm)","Precip. Amount Flag","Wind Dir (10s deg)","Wind Dir Flag","Wind Spd (km/h)","Wind Spd Flag","Visibility (km)","Visibility Flag","Stn Press (kPa)","Stn Press Flag","Hmdx","Hmdx Flag","Wind Chill","Wind Chill Flag","Weather"
"-115.78","54.14","WHITECOURT","3067371","2016-04-01 00:00","2016","04","01","00:00","","12.6","","0.9","","45","","","M","","M","11","","","","92.48","","","","","","NA"
"-115.78","54.14","WHITECOURT","3067371","2016-04-01 01:00","2016","04","01","01:00","","12.1","","1.2","","48","","","M","","M","9","","","","92.43","","","","","","NA"
"-115.78","54.14","WHITECOURT","3067371","2016-04-01 02:00","2016","04","01","02:00","","10.1","","1.6","","55","","","M","","M","4","","","","92.38","","","","","","NA"
"-115.78","54.14","WHITECOURT","3067371","2016-04-01 03:00","2016","04","01","03:00","","8.7","","0.9","","58","","","M","","M","0","","","","92.37","","","","","","NA"
"-115.78","54.14","WHITECOURT","3067371","2016-04-01 04:00","2016","04","01","04:00","","6.8","","0.6","","65","","","M","","M","3","","","","92.41","","","","","","NA"
"-115.78","54.14","WHITECOURT","3067371","2016-04-01 05:00","2016","04","01","05:00","","5.8","","0.4","","68","","","M","","M","3","","","","92.43","","","","","","NA"
"-115.78","54.14","WHITECOURT","3067371","2016-04-01 06:00","2016","04","01","06:00","","5.2","","0.1","","70","","","M","","M","4","","","","92.46","","","","","","NA"
"-115.78","54.14","WHITECOURT","3067371","2016-04-01 07:00","2016","04","01","07:00","","3.2","","-0.3","","78","","","M","","M","0","","","","92.49","","","","","","NA"
"-115.78","54.14","WHITECOURT","3067371","2016-04-01 08:00","2016","04","01","08:00","","3.8","","-0.5","","74","","","M","","M","10","","","","92.50","","","","","","NA"
"-115.78","54.14","WHITECOURT","3067371","2016-04-01 09:00","2016","04","01","09:00","","3.3","","-1.0","","73","","","M","","M","10","","","","92.52","","","","","","NA"
"-115.78","54.14","WHITECOURT","3067371","2016-04-01 10:00","2016","04","01","10:00","","2.8","","-1.3","","75","","","M","","M","10","","","","92.52","","","","","","NA"
"-115.78","54.14","WHITECOURT","3067371","2016-04-01 11:00","2016","04","01","11:00","","2.5","","-1.5","","75","","","M","","M","10","","","","92.54","","","","","","NA"
"-115.78","54.14","WHITECOURT","3067371","2016-04-01 12:00","2016","04","01","12:00","","1.3","","-1.9","","79","","","M","","M","3","","","","92.56","","","","","","NA"
"-115.78","54.14","WHITECOURT","3067371","2016-04-01 13:00","2016","04","01","13:00","","0.1","","-2.3","","84","","","","","M","9","","","","92.56","","","","","","NA"
"-115.78","54.14","WHITECOURT","3067371","2016-04-01 14:00","2016","04","01","14:00","","2.2","","-1.7","","75","","","M","","M","11","","","","92.59","","","","","","NA"
"-115.78","54.14","WHITECOURT","3067371","2016-04-01 15:00","2016","04","01","15:00","","4.1","","-1.3","","68","","","M","","M","15","","","","92.60","","","","","","NA"
"-115.78","54.14","WHITECOURT","3067371","2016-04-01 16:00","2016","04","01","16:00","","6.9","","0.2","","62","","","M","","M","11","","","","92.61","","","","","","NA"
"-115.78","54.14","WHITECOURT","3067371","2016-04-01 17:00","2016","04","01","17:00","","11.1","","0.1","","47","","","M","","M","15","","","","92.59","","","","","","NA"
"-115.78","54.14","WHITECOURT","3067371","2016-04-01 18:00","2016","04","01","18:00","","13.8","","0.1","","39","","","M","","M","12","","","","92.56","","","","","","NA"
"-115.78","54.14","WHITECOURT","3067371","2016-04-01 19:00","2016","04","01","19:00","","16.0","","-0.3","","33","","","M","","M","9","","","","92.52","","","","","","NA"
"-115.78","54.14","WHITECOURT","3067371","2016-04-01 20:00","2016","04","01","20:00","","17.6","","-0.8","","29","","","M","","M","11","","","","92.48","","","","","","NA"
"-115.78","54.14","WHITECOURT","3067371","2016-04-01 21:00","2016","04","01","21:00","","18.6","","-0.7","","27","","","M","","M","11","","","","92.43","","","","","","NA"
"-115.78","54.14","WHITECOURT","3067371","2016-04-01 22:00","2016","04","01","22:00","","19.3","","-0.6","","26","","","M","","M","16","","","","92.35","","","","","","NA"
"-115.78","54.14","WHITECOURT","3067371","2016-04-01 23:00","2016","04","01","23:00","","19.7","","-1.2","","24","","","M","","M","10","","","","92.31","","","","","","NA"
"-115.78","54.14","WHITECOURT","3067371","2016-04-02 00:00","2016","04","02","00:00","","19.7","","-0.9","","25","","","M","","M","10","","","","92.25","","","","","","NA"
"-115.78","54.14","WHITECOURT","3067371","2016-04-02 01:00","2016","04","02","01:00","","19.5","","-0.6","","26","","","M","","M","6","","","","92.19","","","","","","NA"
"-115.78","54.14","WHITECOURT","3067371","2016-04-02 02:00","2016","04","02","02:00","","17.6","","-0.9","","29","","","M","","M","","M","","","92.15","","","","","","NA"
"-115.78","54.14","WHITECOURT","3067371","2016-04-02 03:00","2016","04","02","03:00","","14.1","","-2.1","","33","","","M","","M","","M","","","92.13","","","","","","NA"
"-115.78","54.14","WHITECOURT","3067371","2016-04-02 04:00","2016","04","02","04:00","","12.3","","-0.8","","40","","","M","","M","3","","","","92.08","","","","","","NA"
"-115.78","54.14","WHITECOURT","3067371","2016-04-02 05:00","2016","04","02","05:00","","9.5","","-0.7","","49","","","M","","M","5","","","","92.06","","","","","","NA"
"-115.78","54.14","WHITECOURT","3067371","2016-04-02 06:00","2016","04","02","06:00","","8.0","","-1.2","","52","","","M","","M","4","","","","92.00","","","","","","NA"
"-115.78","54.14","WHITECOURT","3067371","2016-04-02 07:00","2016","04","02","07:00","","6.8","","-1.6","","55","","","M","","M","8","","","","91.93","","","","","","NA"
"-115.78","54.14","WHITECOURT","3067371","2016-04-02 08:00","2016","04","02","08:00","","4.5","","-1.7","","64","","","M","","M","9","","","","91.88","","","","","","NA"
"-115.78","54.14","WHITECOURT","3067371","2016-04-02 09:00","2016","04","02","09:00","","7.5","","-2.0","","51","","","M","","M","16","","","","91.83","","","","","","NA"
"-115.78","54.14","WHITECOURT","3067371","2016-04-02 10:00","2016","04","02","10:00","","4.9","","-2.3","","59","","","M","","M","15","","","","91.78","","","","","","NA"
"-115.78","54.14","WHITECOURT","3067371","2016-04-02 11:00","2016","04","02","11:00","","4.8","","-2.5","","59","","","M","","M","15","","","","91.75","","","","","","NA"
"-115.78","54.14","WHITECOURT","3067371","2016-04-02 12:00","2016","04","02","12:00","","3.9","","-2.5","","63","","","M","","M","12","","","","91.72","","","","","","NA"
"-115.78","54.14","WHITECOURT","3067371","2016-04-02 13:00","2016","04","02","13:00","","4.3","","-2.3","","62","","","M","","M","13","","","","91.68","","","","","","NA"
"-115.78","54.14","WHITECOURT","3067371","2016-04-02 14:00","2016","04","02","14:00","","5.1","","-2.4","","58","","","M","","M","13","","","","91.66","","","","","","NA"
"-115.78","54.14","WHITECOURT","3067371","2016-04-02 15:00","2016","04","02","15:00","","7.5","","-1.5","","53","","","M","","M","7","","","","91.61","","","","","","NA"
"-115.78","54.14","WHITECOURT","3067371","2016-04-02 16:00","2016","04","02","16:00","","10.9","","-0.8","","44","","","M","","M","5","","","","91.55","","","","","","NA"
"-115.78","54.14","WHITECOURT","3067371","2016-04-02 17:00","2016","04","02","17:00","","15.2","","-0.9","","33","","","M","","M","19","","","","91.50","","","","","","NA"
"-115.78","54.14","WHITECOURT","3067371","2016-04-02 18:00","2016","04","02","18:00","","17.2","","-0.7","","30","","","M","","M","29","","","","91.46","","","","","","NA"
"-115.78","54.14","WHITECOURT","3067371","2016-04-02 19:00","2016","04","02","19:00","","17.6","","-0.7","","29","","","M","","M","26","","","","91.44","","","","","","NA"
"-115.78","54.14","WHITECOURT","3067371","2016-04-02 20:00","2016","04","02","20:00","","18.0","","-1.7","","26","","","M","","M","42","","","","91.44","","","","","","NA"
"-115.78","54.14","WHITECOURT","3067371","2016-04-02 21:00","2016","04","02","21:00","","16.3","","-1.4","","30","","","M","","M","31","","","","91.44","","","","","","NA"
"-115.78","54.14","WHITECOURT","3067371","2016-04-02 22:00","2016","04","02","22:00","","17.8","","-1.8","","26","","","M","","M","33","","","","91.39","","","","","","NA"
"-115.78","54.14","WHITECOURT","3067371","2016-04-02 23:00","2016","04","02","23:00","","17.5","","-2.8","","25","","","M","","M","36","","","","91.35","","","","","","NA"
"-115.78","54.14","WHITECOURT","3067371","2016-04-03 00:00","2016","04","03","00:00","","16.7","","-3.8","","24","","","M","","M","28","","","","91.36","","","","","","NA"
"-115.78","54.14","WHITECOURT","3067371","2016-04-03 01:00","2016","04","03","01:00","","15.2","","-3.6","","27","","","M","","M","30","","","","91.39","","","","","","NA"
"-115.78","54.14","WHITECOURT","3067371","2016-04-03 02:00","2016","04","03","02:00","","13.8","","-4.6","","28","","","M","","M","27","","","","91.49","","","","","","NA"
"-115.78","54.14","WHITECOURT","3067371","2016-04-03 03:00","2016","04","03","03:00","","11.9","","-5.2","","30","","","M","","M","25","","","","91.58","","","","","","NA"
"-115.78","54.14","WHITECOURT","3067371","2016-04-03 04:00","2016","04","03","04:00","","10.8","","-5.4","","32","","","M","","M","22","","","","91.66","","","","","","NA"
"-115.78","54.14","WHITECOURT","3067371","2016-04-03 05:00","2016","04","03","05:00","","9.5","","-4.7","","36","","","M","","M","16","","","","91.74","","","","","","NA"
"-115.78","54.14","WHITECOURT","3067371","2016-04-03 06:00","2016","04","03","06:00","","7.5","","-4.6","","42","","","M","","M","0","","","","91.84","","","","","","NA"
"-115.78","54.14","WHITECOURT","3067371","2016-04-03 07:00","2016","04","03","07:00","","6.0","","-3.7","","50","","","M","","M","6","","","","91.92","","","","","","NA"
"-115.78","54.14","WHITECOURT","3067371","2016-04-03 08:00","2016","04","03","08:00","","5.5","","-3.8","","51","","","M","","M","9","","","","92.02","","","","","","NA"
"-115.78","54.14","WHITECOURT","3067371","2016-04-03 09:00","2016","04","03","09:00","","4.3","","-3.4","","57","","","M","","M","0","","","","92.09","","","","","","NA"
"-115.78","54.14","WHITECOURT","3067371","2016-04-03 10:00","2016","04","03","10:00","","3.5","","-1.2","","72","","","M","","M","8","","","","92.18","","","","","","NA"
"-115.78","54.14","WHITECOURT","3067371","2016-04-03 11:00","2016","04","03","11:00","","2.6","","-0.5","","80","","","M","","M","7","","","","92.26","","","","","","NA"
"-115.78","54.14","WHITECOURT","3067371","2016-04-03 12:00","2016","04","03","12:00","","1.8","","-1.3","","80","","","M","","M","7","","","","92.33","","","","","","NA"
"-115.78","54.14","WHITECOURT","3067371","2016-04-03 13:00","2016","04","03","13:00","","1.0","","-1.7","","83","","","M","","M","8","","","","92.35","","","","","","NA"
"-115.78","54.14","WHITECOURT","3067371","2016-04-03 14:00","2016","04","03","14:00","","1.1","","-2.0","","80","","","M","","M","0","","","","92.36","","","","","","NA"
"-115.78","54.14","WHITECOURT","3067371","2016-04-03 15:00","2016","04","03","15:00","","2.9","","-1.2","","74","","","M","","M","3","","","","92.39","","","","","","NA"
"-115.78","54.14","WHITECOURT","3067371","2016-04-03 16:00","2016","04","03","16:00","","5.6","","-0.4","","65","","","M","","M","6","","","","92.41","","","","","","NA"
"-115.78","54.14","WHITECOURT","3067371","2016-04-03 17:00","2016","04","03","17:00","","7.9","","-0.6","","55","","","M","","M","11","","","","92.44","","","","","","NA"
"-115.78","54.14","WHITECOURT","3067371","2016-04-03 18:00","2016","04","03","18:00","","9.5","","-1.3","","47","","","M","","M","14","","","","92.45","","","","","","NA"
"-115.78","54.14","WHITECOURT","3067371","2016-04-03 19:00","2016","04","03","19:00","","10.7","","-2.1","","41","","","M","","M","13","","","","92.42","","","","","","NA"
"-115.78","54.14","WHITECOURT","3067371","2016-04-03 20:00","2016","04","03","20:00","","11.8","","-4.6","","31","","","M","","M","15","","","","92.41","","","","","","NA"
"-115.78","54.14","WHITECOURT","3067371","2016-04-03 21:00","2016","04","03","21:00","","12.9","","-5.6","","27","","","M","","M","14","","","","92.39","","","","","","NA"
"-115.78","54.14","WHITECOURT","3067371","2016-04-03 22:00","2016","04","03","22:00","","13.5","","-5.4","","26","","","M","","M","10","","","","92.38","","","","","","NA"
"-115.78","54.14","WHITECOURT","3067371","2016-04-03 23:00","2016","04","03","23:00","","13.8","","-6.3","","24","","","M","","M","10","","","","92.35","","","","","","NA"
"-115.78","54.14","WHITECOURT","3067371","2016-04-04 00:00","2016","04","04","00:00","","13.4","","-5.9","","26","","","M","","M","9","","","","92.32","","","","","","NA"
"-115.78","54.14","WHITECOURT","3067371","2016-04-04 01:00","2016","04","04","01:00","","12.9","","-6.6","","25","","","M","","M","6","","","","92.33","","","","","","NA"
"-115.78","54.14","WHITECOURT","3067371","2016-04-04 02:00","2016","04","04","02:00","","11.0","","-6.0","","30","","","M","","M","6","","","","92.32","","","","","","NA"
"-115.78","54.14","WHITECOURT","3067371","2016-04-04 03:00","2016","04","04","03:00","","8.0","","-0.2","","56","","","M","","M","16","","","","92.39","","","","","","NA"
"-115.78","54.14","WHITECOURT","3067371","2016-04-04 04:00","2016","04","04","04:00","","6.1","","-0.3","","63","","","M","","M","16","","","","92.42","","","","","","NA"
"-115.78","54.14","WHITECOURT","3067371","2016-04-04 05:00","2016","04","04","05:00","","4.9","","-0.6","","68","","","M","","M","15","","","","92.44","","","","","","NA"
"-115.78","54.14","WHITECOURT","3067371","2016-04-04 06:00","2016","04","04","06:00","","3.5","","-1.3","","70","","","M","","M","8","","","","92.43","","","","","","NA"
"-115.78","54.14","WHITECOURT","3067371","2016-04-04 07:00","2016","04","04","07:00","","2.4","","-2.1","","72","","","M","","M","11","","","","92.41","","","","","","NA"
"-115.78","54.14","WHITECOURT","3067371","2016-04-04 08:00","2016","04","04","08:00","","1.2","","-2.3","","78","","","M","","M","15","","","","92.38","","","","","","NA"
"-115.78","54.14","WHITECOURT","3067371","2016-04-04 09:00","2016","04","04","09:00","","-0.1","","-2.7","","82","","","","","M","16","","","","92.33","","","","-5","","NA"
"-115.78","54.14","WHITECOURT","3067371","2016-04-04 10:00","2016","04","04","10:00","","-0.9","","-3.0","","85","","","","","M","18","","","","92.24","","","","-6","","NA"
"-115.78","54.14","WHITECOURT","3067371","2016-04-04 11:00","2016","04","04","11:00","","-1.9","","-3.3","","90","","","","","M","15","","","","92.19","","","","-7","","NA"
"-115.78","54.14","WHITECOURT","3067371","2016-04-04 12:00","2016","04","04","12:00","","-1.9","","-3.3","","90","","","","","M","13","","","","92.12","","","","-6","","NA"
"-115.78","54.14","WHITECOURT","3067371","2016-04-04 13:00","2016","04","04","13:00","","-1.9","","-3.4","","89","","","","","M","15","","","","92.07","","","","-7","","NA"
"-115.78","54.14","WHITECOURT","3067371","2016-04-04 14:00","2016","04","04","14:00","","-1.7","","-3.4","","88","","","","","M","13","","","","92.02","","","","-6","","NA"
"-115.78","54.14","WHITECOURT","3067371","2016-04-04 15:00","2016","04","04","15:00","","-1.3","","-3.1","","88","","","","","M","12","","","","91.99","","","","-5","","NA"
"-115.78","54.14","WHITECOURT","3067371","2016-04-04 16:00","2016","04","04","16:00","","-0.5","","-2.8","","84","","","","","M","12","","","","91.96","","","","-4","","NA"
"-115.78","54.14","WHITECOURT","3067371","2016-04-04 17:00","2016","04","04","17:00","","1.4","","-2.1","","78","","","M","","M","13","","","","91.88","","","","","","NA"
"-115.78","54.14","WHITECOURT","3067371","2016-04-04 18:00","2016","04","04","18:00","","2.3","","-1.9","","74","","","M","","M","16","","","","91.83","","","","","","NA"
"-115.78","54.14","WHITECOURT","3067371","2016-04-04 19:00","2016","04","04","19:00","","3.5","","-1.6","","69","","","M","","M","12","","","","91.77","","","","","","NA"
"-115.78","54.14","WHITECOURT","3067371","2016-04-04 20:00","2016","04","04","20:00","","5.0","","-1.0","","66","","","M","","M","12","","","","91.70","","","","","","NA"
"-115.78","54.14","WHITECOURT","3067371","2016-04-04 21:00","2016","04","04","21:00","","5.3","","-0.8","","65","","","M","","M","11","","","","91.69","","","","","","NA"
"-115.78","54.14","WHITECOURT","3067371","2016-04-04 22:00","2016","04","04","22:00","","6.0","","-0.6","","62","","","M","","M","12","","","","91.65","","","","","","NA"
"-115.78","54.14","WHITECOURT","3067371","2016-04-04 23:00","2016","04","04","23:00","","6.5","","-0.5","","61","","","M","","M","12","","","","91.62","","","","","","NA"
"-115.78","54.14","WHITECOURT","3067371","2016-04-05 00:00","2016","04","05","00:00","","6.5","","-0.2","","62","","","M","","M","9","","","","91.63","","","","","","NA"
"-115.78","54.14","WHITECOURT","3067371","2016-04-05 01:00","2016","04","05","01:00","","6.1","","-0.2","","64","","","M","","M","5","","","","91.69","","","","","","NA"
"-115.78","54.14","WHITECOURT","3067371","2016-04-05 02:00","2016","04","05","02:00","","5.3","","0.5","","71","","","M","","M","0","","","","91.76","","","","","","NA"
"-115.78","54.14","WHITECOURT","3067371","2016-04-05 03:00","2016","04","05","03:00","","4.2","","1.3","","81","","","M","","M","0","","","","91.82","","","","","","NA"
"-115.78","54.14","WHITECOURT","3067371","2016-04-05 04:00","2016","04","05","04:00","","3.3","","1.3","","87","","","M","","M","0","","","","91.94","","","","","","NA"
"-115.78","54.14","WHITECOURT","3067371","2016-04-05 05:00","2016","04","05","05:00","","2.9","","1.5","","90","","","M","","M","0","","","","92.00","","","","","","NA"
"-115.78","54.14","WHITECOURT","3067371","2016-04-05 06:00","2016","04","05","06:00","","2.5","","1.6","","94","","","M","","M","5","","","","92.02","","","","","","NA"
"-115.78","54.14","WHITECOURT","3067371","2016-04-05 07:00","2016","04","05","07:00","","4.1","","2.0","","86","","","M","","M","17","","","","92.03","","","","","","NA"
"-115.78","54.14","WHITECOURT","3067371","2016-04-05 08:00","2016","04","05","08:00","","3.9","","2.6","","91","","","M","","M","14","","","","92.04","","","","","","NA"
"-115.78","54.14","WHITECOURT","3067371","2016-04-05 09:00","2016","04","05","09:00","","3.6","","2.3","","91","","","M","","M","13","","","","92.12","","","","","","NA"
"-115.78","54.14","WHITECOURT","3067371","2016-04-05 10:00","2016","04","05","10:00","","3.5","","1.5","","86","","","M","","M","11","","","","92.13","","","","","","NA"
"-115.78","54.14","WHITECOURT","3067371","2016-04-05 11:00","2016","04","05","11:00","","3.1","","0.9","","85","","","M","","M","11","","","","92.20","","","","","","NA"
"-115.78","54.14","WHITECOURT","3067371","2016-04-05 12:00","2016","04","05","12:00","","2.3","","0.0","","85","","","M","","M","14","","","","92.28","","","","","","NA"
"-115.78","54.14","WHITECOURT","3067371","2016-04-05 13:00","2016","04","05","13:00","","1.9","","-0.7","","83","","","M","","M","15","","","","92.29","","","","","","NA"
"-115.78","54.14","WHITECOURT","3067371","2016-04-05 14:00","2016","04","05","14:00","","2.3","","-1.0","","79","","","M","","M","10","","","","92.32","","","","","","NA"
"-115.78","54.14","WHITECOURT","3067371","2016-04-05 15:00","2016","04","05","15:00","","4.1","","-0.6","","72","","","M","","M","9","","","","92.34","","","","","","NA"
"-115.78","54.14","WHITECOURT","3067371","2016-04-05 16:00","2016","04","05","16:00","","6.4","","-0.2","","63","","","M","","M","16","","","","92.36","","","","","","NA"
"-115.78","54.14","WHITECOURT","3067371","2016-04-05 17:00","2016","04","05","17:00","","7.8","","-1.5","","52","","","M","","M","25","","","","92.37","","","","","","NA"
"-115.78","54.14","WHITECOURT","3067371","2016-04-05 18:00","2016","04","05","18:00","","9.0","","-2.3","","45","","","M","","M","31","","","","92.39","","","","","","NA"
"-115.78","54.14","WHITECOURT","3067371","2016-04-05 19:00","2016","04","05","19:00","","9.9","","-3.8","","38","","","M","","M","29","","","","92.36","","","","","","NA"
"-115.78","54.14","WHITECOURT","3067371","2016-04-05 20:00","2016","04","05","20:00","","10.8","","-3.1","","38","","","M","","M","19","","","","92.32","","","","","","NA"
"-115.78","54.14","WHITECOURT","3067371","2016-04-05 21:00","2016","04","05","21:00","","11.9","","-3.5","","34","","","M","","M","22","","","","92.24","","","","","","NA"
"-115.78","54.14","WHITECOURT","3067371","2016-04-05 22:00","2016","04","05","22:00","","11.6","","-4.6","","32","","","M","","M","14","","","","92.18","","","","","","NA"
"-115.78","54.14","WHITECOURT","3067371","2016-04-05 23:00","2016","04","05","23:00","","12.6","","-3.2","","33","","","M","","M","21","","","","92.09","","","","","","NA"
"-115.78","54.14","WHITECOURT","3067371","2016-04-06 00:00","2016","04","06","00:00","","11.3","","-2.8","","37","","","M","","M","21","","","","92.11","","","","","","NA"
"-115.78","54.14","WHITECOURT","3067371","2016-04-06 01:00","2016","04","06","01:00","","7.4","","2.0","","69","","","M","","M","14","","","","92.15","","","","","","NA"
"-115.78","54.14","WHITECOURT","3067371","2016-04-06 02:00","2016","04","06","02:00","","7.3","","1.5","","67","","","M","","M","3","","","","92.01","","","","","","NA"
"-115.78","54.14","WHITECOURT","3067371","2016-04-06 03:00","2016","04","06","03:00","","6.4","","0.6","","67","","","M","","M","10","","","","91.87","","","","","","NA"
"-115.78","54.14","WHITECOURT","3067371","2016-04-06 04:00","2016","04","06","04:00","","6.5","","0.3","","65","","","M","","M","8","","","","91.83","","","","","","NA"
"-115.78","54.14","WHITECOURT","3067371","2016-04-06 05:00","2016","04","06","05:00","","7.9","","-2.1","","49","","","M","","M","14","","","","91.91","","","","","","NA"
"-115.78","54.14","WHITECOURT","3067371","2016-04-06 06:00","2016","04","06","06:00","","8.4","","0.2","","56","","","M","","M","42","","","","91.91","","","","","","NA"
"-115.78","54.14","WHITECOURT","3067371","2016-04-06 07:00","2016","04","06","07:00","","6.4","","1.9","","73","","","M","","M","10","","","","91.87","","","","","","NA"
"-115.78","54.14","WHITECOURT","3067371","2016-04-06 08:00","2016","04","06","08:00","","8.0","","-0.5","","55","","","M","","M","19","","","","91.88","","","","","","NA"
"-115.78","54.14","WHITECOURT","3067371","2016-04-06 09:00","2016","04","06","09:00","","7.6","","-0.3","","57","","","M","","M","24","","","","91.94","","","","","","NA"
"-115.78","54.14","WHITECOURT","3067371","2016-04-06 10:00","2016","04","06","10:00","","7.7","","-0.7","","55","","","M","","M","33","","","","92.02","","","","","","NA"
"-115.78","54.14","WHITECOURT","3067371","2016-04-06 11:00","2016","04","06","11:00","","6.7","","-0.5","","60","","","M","","M","23","","","","92.12","","","","","","NA"
"-115.78","54.14","WHITECOURT","3067371","2016-04-06 12:00","2016","04","06","12:00","","5.7","","-0.5","","64","","","M","","M","12","","","","92.23","","","","","","NA"
"-115.78","54.14","WHITECOURT","3067371","2016-04-06 13:00","2016","04","06","13:00","","4.9","","-1.1","","65","","","M","","M","18","","","","92.29","","","","","","NA"
"-115.78","54.14","WHITECOURT","3067371","2016-04-06 14:00","2016","04","06","14:00","","5.4","","-1.9","","59","","","M","","M","22","","","","92.35","","","","","","NA"
"-115.78","54.14","WHITECOURT","3067371","2016-04-06 15:00","2016","04","06","15:00","","7.0","","-2.6","","51","","","M","","M","29","","","","92.39","","","","","","NA"
"-115.78","54.14","WHITECOURT","3067371","2016-04-06 16:00","2016","04","06","16:00","","8.0","","-3.5","","44","","","M","","M","34","","","","92.47","","","","","","NA"
"-115.78","54.14","WHITECOURT","3067371","2016-04-06 17:00","2016","04","06","17:00","","8.2","","-5.1","","39","","","M","","M","42","","","","92.49","","","","","","NA"
"-115.78","54.14","WHITECOURT","3067371","2016-04-06 18:00","2016","04","06","18:00","","9.0","","-5.0","","37","","","M","","M","32","","","","92.51","","","","","","NA"
"-115.78","54.14","WHITECOURT","3067371","2016-04-06 19:00","2016","04","06","19:00","","10.5","","-5.6","","32","","","M","","M","31","","","","92.50","","","","","","NA"
"-115.78","54.14","WHITECOURT","3067371","2016-04-06 20:00","2016","04","06","20:00","","10.3","","-6.1","","31","","","M","","M","36","","","","92.50","","","","","","NA"
"-115.78","54.14","WHITECOURT","3067371","2016-04-06 21:00","2016","04","06","21:00","","12.3","","-6.8","","26","","","M","","M","38","","","","92.50","","","","","","NA"
"-115.78","54.14","WHITECOURT","3067371","2016-04-06 22:00","2016","04","06","22:00","","12.0","","-7.3","","25","","","M","","M","35","","","","92.48","","","","","","NA"
"-115.78","54.14","WHITECOURT","3067371","2016-04-06 23:00","2016","04","06","23:00","","12.5","","-7.3","","24","","","M","","M","35","","","","92.53","","","","","","NA"
"-115.78","54.14","WHITECOURT","3067371","2016-04-07 00:00","2016","04","07","00:00","","12.4","","-7.5","","24","","","M","","M","27","","","","92.58","","","","","","NA"
"-115.78","54.14","WHITECOURT","3067371","2016-04-07 01:00","2016","04","07","01:00","","11.7","","-7.5","","25","","","M","","M","34","","","","92.64","","","","","","NA"
"-115.78","54.14","WHITECOURT","3067371","2016-04-07 02:00","2016","04","07","02:00","","10.4","","-8.0","","26","","","M","","M","27","","","","92.72","","","","","","NA"
"-115.78","54.14","WHITECOURT","3067371","2016-04-07 03:00","2016","04","07","03:00","","8.6","","-7.6","","31","","","M","","M","15","","","","92.82","","","","","","NA"
"-115.78","54.14","WHITECOURT","3067371","2016-04-07 04:00","2016","04","07","04:00","","6.2","","-6.7","","39","","","M","","M","7","","","","92.91","","","","","","NA"
"-115.78","54.14","WHITECOURT","3067371","2016-04-07 05:00","2016","04","07","05:00","","4.9","","-7.1","","41","","","M","","M","8","","","","92.97","","","","","","NA"
"-115.78","54.14","WHITECOURT","3067371","2016-04-07 06:00","2016","04","07","06:00","","4.8","","-7.6","","40","","","M","","M","8","","","","92.98","","","","","","NA"
"-115.78","54.14","WHITECOURT","3067371","2016-04-07 07:00","2016","04","07","07:00","","3.5","","-7.7","","44","","","M","","M","8","","","","92.99","","","","","","NA"
"-115.78","54.14","WHITECOURT","3067371","2016-04-07 08:00","2016","04","07","08:00","","2.1","","-7.2","","50","","","M","","M","8","","","","93.02","","","","","","NA"
"-115.78","54.14","WHITECOURT","3067371","2016-04-07 09:00","2016","04","07","09:00","","1.5","","-7.1","","52","","","M","","M","7","","","","93.05","","","","","","NA"
"-115.78","54.14","WHITECOURT","3067371","2016-04-07 10:00","2016","04","07","10:00","","1.0","","-7.0","","55","","","M","","M","5","","","","93.07","","","","","","NA"
"-115.78","54.14","WHITECOURT","3067371","2016-04-07 11:00","2016","04","07","11:00","","0.2","","-7.4","","56","","","","","M","5","","","","93.06","","","","","","NA"
"-115.78","54.14","WHITECOURT","3067371","2016-04-07 12:00","2016","04","07","12:00","","0.4","","-7.4","","56","","","","","M","5","","","","93.08","","","","","","NA"
"-115.78","54.14","WHITECOURT","3067371","2016-04-07 13:00","2016","04","07","13:00","","0.2","","-7.1","","58","","","","","M","4","","","","93.08","","","","","","NA"
"-115.78","54.14","WHITECOURT","3067371","2016-04-07 14:00","2016","04","07","14:00","","0.5","","-6.8","","58","","","","","M","4","","","","93.08","","","","","","NA"
"-115.78","54.14","WHITECOURT","3067371","2016-04-07 15:00","2016","04","07","15:00","","3.4","","-6.1","","50","","","M","","M","4","","","","93.09","","","","","","NA"
"-115.78","54.14","WHITECOURT","3067371","2016-04-07 16:00","2016","04","07","16:00","","4.9","","-5.0","","49","","","M","","M","0","","","","93.12","","","","","","NA"
"-115.78","54.14","WHITECOURT","3067371","2016-04-07 17:00","2016","04","07","17:00","","5.7","","-4.3","","49","","","M","","M","4","","","","93.11","","","","","","NA"
"-115.78","54.14","WHITECOURT","3067371","2016-04-07 18:00","2016","04","07","18:00","","7.8","","-4.5","","41","","","M","","M","7","","","","93.13","","","","","","NA"
"-115.78","54.14","WHITECOURT","3067371","2016-04-07 19:00","2016","04","07","19:00","","9.4","","-3.2","","41","","","M","","M","16","","","","93.07","","","","","","NA"
"-115.78","54.14","WHITECOURT","3067371","2016-04-07 20:00","2016","04","07","20:00","","11.0","","-2.5","","39","","","M","","M","8","","","","93.02","","","","","","NA"
"-115.78","54.14","WHITECOURT","3067371","2016-04-07 21:00","2016","04","07","21:00","","13.1","","-0.5","","39","","","M","","M","17","","","","92.98","","","","","","NA"
"-115.78","54.14","WHITECOURT","3067371","2016-04-07 22:00","2016","04","07","22:00","","13.6","","-0.9","","37","","","M","","M","8","","","","92.94","","","","","","NA"
"-115.78","54.14","WHITECOURT","3067371","2016-04-07 23:00","2016","04","07","23:00","","14.0","","-1.1","","35","","","M","","M","11","","","","92.88","","","","","","NA"
"-115.78","54.14","WHITECOURT","3067371","2016-04-08 00:00","2016","04","08","00:00","","14.5","","-1.8","","33","","","M","","M","8","","","","92.86","","","","","","NA"
"-115.78","54.14","WHITECOURT","3067371","2016-04-08 01:00","2016","04","08","01:00","","14.2","","-1.8","","33","","","M","","M","6","","","","92.82","","","","","","NA"
"-115.78","54.14","WHITECOURT","3067371","2016-04-08 02:00","2016","04","08","02:00","","12.4","","-1.6","","38","","","M","","M","8","","","","92.79","","","","","","NA"
"-115.78","54.14","WHITECOURT","3067371","2016-04-08 03:00","2016","04","08","03:00","","10.0","","-1.8","","44","","","M","","M","5","","","","92.78","","","","","","NA"
"-115.78","54.14","WHITECOURT","3067371","2016-04-08 04:00","2016","04","08","04:00","","9.2","","-1.9","","46","","","M","","M","7","","","","92.78","","","","","","NA"
"-115.78","54.14","WHITECOURT","3067371","2016-04-08 05:00","2016","04","08","05:00","","7.8","","-2.0","","50","","","M","","M","5","","","","92.77","","","","","","NA"
"-115.78","54.14","WHITECOURT","3067371","2016-04-08 06:00","2016","04","08","06:00","","6.3","","-2.1","","55","","","M","","M","9","","","","92.76","","","","","","NA"
"-115.78","54.14","WHITECOURT","3067371","2016-04-08 07:00","2016","04","08","07:00","","4.9","","-3.4","","55","","","M","","M","8","","","","92.75","","","","","","NA"
"-115.78","54.14","WHITECOURT","3067371","2016-04-08 08:00","2016","04","08","08:00","","3.9","","-3.9","","56","","","M","","M","10","","","","92.68","","","","","","NA"
"-115.78","54.14","WHITECOURT","3067371","2016-04-08 09:00","2016","04","08","09:00","","3.4","","-4.2","","57","","","M","","M","15","","","","92.57","","","","","","NA"
"-115.78","54.14","WHITECOURT","3067371","2016-04-08 10:00","2016","04","08","10:00","","2.9","","-4.3","","59","","","M","","M","14","","","","92.49","","","","","","NA"
"-115.78","54.14","WHITECOURT","3067371","2016-04-08 11:00","2016","04","08","11:00","","2.5","","-4.3","","61","","","M","","M","17","","","","92.40","","","","","","NA"
"-115.78","54.14","WHITECOURT","3067371","2016-04-08 12:00","2016","04","08","12:00","","2.2","","-3.6","","65","","","M","","M","19","","","","92.29","","","","","","NA"
"-115.78","54.14","WHITECOURT","3067371","2016-04-08 13:00","2016","04","08","13:00","","1.6","","-3.6","","68","","","M","","M","20","","","","92.21","","","","","","NA"
"-115.78","54.14","WHITECOURT","3067371","2016-04-08 14:00","2016","04","08","14:00","","1.5","","-3.6","","69","","","M","","M","19","","","","92.14","","","","","","NA"
"-115.78","54.14","WHITECOURT","3067371","2016-04-08 15:00","2016","04","08","15:00","","1.8","","-3.4","","68","","","M","","M","18","","","","92.04","","","","","","NA"
"-115.78","54.14","WHITECOURT","3067371","2016-04-08 16:00","2016","04","08","16:00","","3.3","","-2.7","","65","","","M","","M","13","","","","91.94","","","","","","NA"
"-115.78","54.14","WHITECOURT","3067371","2016-04-08 17:00","2016","04","08","17:00","","5.8","","-1.9","","58","","","M","","M","11","","","","91.84","","","","","","NA"
"-115.78","54.14","WHITECOURT","3067371","2016-04-08 18:00","2016","04","08","18:00","","8.6","","-1.3","","50","","","M","","M","12","","","","91.71","","","","","","NA"
"-115.78","54.14","WHITECOURT","3067371","2016-04-08 19:00","2016","04","08","19:00","","10.1","","-0.5","","48","","","M","","M","11","","","","91.59","","","","","","NA"
"-115.78","54.14","WHITECOURT","3067371","2016-04-08 20:00","2016","04","08","20:00","","12.1","","-0.7","","41","","","M","","M","13","","","","91.43","","","","","","NA"
"-115.78","54.14","WHITECOURT","3067371","2016-04-08 21:00","2016","04","08","21:00","","13.8","","-0.7","","37","","","M","","M","13","","","","91.28","","","","","","NA"
"-115.78","54.14","WHITECOURT","3067371","2016-04-08 22:00","2016","04","08","22:00","","16.3","","-0.7","","31","","","M","","M","12","","","","91.16","","","","","","NA"
"-115.78","54.14","WHITECOURT","3067371","2016-04-08 23:00","2016","04","08","23:00","","17.4","","-0.1","","31","","","M","","M","16","","","","90.92","","","","","","NA"
"-115.78","54.14","WHITECOURT","3067371","2016-04-09 00:00","2016","04","09","00:00","","16.8","","-0.2","","32","","","M","","M","11","","","","90.79","","","","","","NA"
"-115.78","54.14","WHITECOURT","3067371","2016-04-09 01:00","2016","04","09","01:00","","16.0","","0.4","","35","","","M","","M","14","","","","90.65","","","","","","NA"
"-115.78","54.14","WHITECOURT","3067371","2016-04-09 02:00","2016","04","09","02:00","","14.9","","-0.8","","34","","","M","","M","16","","","","90.70","","","","","","NA"
"-115.78","54.14","WHITECOURT","3067371","2016-04-09 03:00","2016","04","09","03:00","","11.6","","5.6","","67","","","M","","M","44","","","","90.93","","","","","","NA"
"-115.78","54.14","WHITECOURT","3067371","2016-04-09 04:00","2016","04","09","04:00","","8.1","","5.7","","84","","","M","","M","26","","","","91.07","","","","","","NA"
"-115.78","54.14","WHITECOURT","3067371","2016-04-09 05:00","2016","04","09","05:00","","7.4","","5.6","","88","","","M","","M","19","","","","91.05","","","","","","NA"
"-115.78","54.14","WHITECOURT","3067371","2016-04-09 06:00","2016","04","09","06:00","","6.6","","4.9","","89","","","M","","M","17","","","","91.02","","","","","","NA"
"-115.78","54.14","WHITECOURT","3067371","2016-04-09 07:00","2016","04","09","07:00","","6.3","","3.2","","81","","","M","","M","19","","","","91.07","","","","","","NA"
"-115.78","54.14","WHITECOURT","3067371","2016-04-09 08:00","2016","04","09","08:00","","6.4","","2.1","","74","","","M","","M","30","","","","91.12","","","","","","NA"
"-115.78","54.14","WHITECOURT","3067371","2016-04-09 09:00","2016","04","09","09:00","","5.6","","2.4","","80","","","M","","M","27","","","","91.13","","","","","","NA"
"-115.78","54.14","WHITECOURT","3067371","2016-04-09 10:00","2016","04","09","10:00","","4.7","","2.4","","85","","","M","","M","39","","","","91.24","","","","","","NA"
"-115.78","54.14","WHITECOURT","3067371","2016-04-09 11:00","2016","04","09","11:00","","3.1","","1.5","","89","","","M","","M","28","","","","91.35","","","","","","NA"
"-115.78","54.14","WHITECOURT","3067371","2016-04-09 12:00","2016","04","09","12:00","","4.4","","2.5","","88","","","M","","M","32","","","","91.42","","","","","","NA"
"-115.78","54.14","WHITECOURT","3067371","2016-04-09 13:00","2016","04","09","13:00","","4.0","","2.2","","88","","","M","","M","24","","","","91.51","","","","","","NA"
"-115.78","54.14","WHITECOURT","3067371","2016-04-09 14:00","2016","04","09","14:00","","4.5","","2.3","","86","","","M","","M","23","","","","91.57","","","","","","NA"
"-115.78","54.14","WHITECOURT","3067371","2016-04-09 15:00","2016","04","09","15:00","","5.7","","2.6","","80","","","M","","M","19","","","","91.61","","","","","","NA"
"-115.78","54.14","WHITECOURT","3067371","2016-04-09 16:00","2016","04","09","16:00","","7.1","","2.7","","74","","","M","","M","28","","","","91.63","","","","","","NA"
"-115.78","54.14","WHITECOURT","3067371","2016-04-09 17:00","2016","04","09","17:00","","7.0","","2.4","","73","","","M","","M","33","","","","91.69","","","","","","NA"
"-115.78","54.14","WHITECOURT","3067371","2016-04-09 18:00","2016","04","09","18:00","","7.1","","3.6","","79","","","M","","M","24","","","","91.73","","","","","","NA"
"-115.78","54.14","WHITECOURT","3067371","2016-04-09 19:00","2016","04","09","19:00","","7.1","","4.0","","81","","","M","","M","17","","","","91.74","","","","","","NA"
"-115.78","54.14","WHITECOURT","3067371","2016-04-09 20:00","2016","04","09","20:00","","8.8","","3.5","","69","","","M","","M","30","","","","91.74","","","","","","NA"
"-115.78","54.14","WHITECOURT","3067371","2016-04-09 21:00","2016","04","09","21:00","","8.7","","4.2","","73","","","M","","M","26","","","","91.78","","","","","","NA"
"-115.78","54.14","WHITECOURT","3067371","2016-04-09 22:00","2016","04","09","22:00","","10.3","","-0.5","","47","","","M","","M","37","","","","91.84","","","","","","NA"
"-115.78","54.14","WHITECOURT","3067371","2016-04-09 23:00","2016","04","09","23:00","","9.8","","-1.1","","47","","","M","","M","28","","","","91.92","","","","","","NA"
"-115.78","54.14","WHITECOURT","3067371","2016-04-10 00:00","2016","04","10","00:00","","8.6","","-3.1","","43","","","M","","M","31","","","","92.03","","","","","","NA"
"-115.78","54.14","WHITECOURT","3067371","2016-04-10 01:00","2016","04","10","01:00","","7.7","","-4.7","","41","","","M","","M","24","","","","92.14","","","","","","NA"
"-115.78","54.14","WHITECOURT","3067371","2016-04-10 02:00","2016","04","10","02:00","","6.1","","-5.2","","44","","","M","","M","24","","","","92.24","","","","","","NA"
"-115.78","54.14","WHITECOURT","3067371","2016-04-10 03:00","2016","04","10","03:00","","4.2","","-5.4","","50","","","M","","M","15","","","","92.35","","","","","","NA"
"-115.78","54.14","WHITECOURT","3067371","2016-04-10 04:00","2016","04","10","04:00","","2.8","","-5.6","","54","","","M","","M","14","","","","92.42","","","","","","NA"
"-115.78","54.14","WHITECOURT","3067371","2016-04-10 05:00","2016","04","10","05:00","","1.8","","-6.4","","55","","","M","","M","","M","","","92.48","","","","","","NA"
"-115.78","54.14","WHITECOURT","3067371","2016-04-10 06:00","2016","04","10","06:00","","0.5","","-6.2","","61","","","","","M","0","","","","92.53","","","","","","NA"
"-115.78","54.14","WHITECOURT","3067371","2016-04-10 07:00","2016","04","10","07:00","","-0.7","","-6.3","","66","","","","","M","0","","","","92.55","","","","","","NA"
"-115.78","54.14","WHITECOURT","3067371","2016-04-10 08:00","2016","04","10","08:00","","-0.6","","-6.2","","66","","","","","M","3","","","","92.60","","","","-2","","NA"
"-115.78","54.14","WHITECOURT","3067371","2016-04-10 09:00","2016","04","10","09:00","","-1.3","","-5.6","","72","","","","","M","0","","","","92.59","","","","","","NA"
"-115.78","54.14","WHITECOURT","3067371","2016-04-10 10:00","2016","04","10","10:00","","-1.1","","-6.6","","66","","","","","M","3","","","","92.61","","","","-2","","NA"
"-115.78","54.14","WHITECOURT","3067371","2016-04-10 11:00","2016","04","10","11:00","","-0.8","","-5.5","","71","","","","","M","","M","","","92.60","","","","","","NA"
"-115.78","54.14","WHITECOURT","3067371","2016-04-10 12:00","2016","04","10","12:00","","-1.2","","-5.5","","73","","","","","M","0","","","","92.62","","","","","","NA"
"-115.78","54.14","WHITECOURT","3067371","2016-04-10 13:00","2016","04","10","13:00","","-1.6","","-5.5","","75","","","","","M","0","","","","92.61","","","","","","NA"
"-115.78","54.14","WHITECOURT","3067371","2016-04-10 14:00","2016","04","10","14:00","","-1.2","","-5.4","","73","","","","","M","6","","","","92.64","","","","-3","","NA"
"-115.78","54.14","WHITECOURT","3067371","2016-04-10 15:00","2016","04","10","15:00","","0.0","","-6.0","","64","","","","","M","11","","","","92.68","","","","-4","","NA"
"-115.78","54.14","WHITECOURT","3067371","2016-04-10 16:00","2016","04","10","16:00","","0.4","","-6.4","","60","","","","","M","6","","","","92.68","","","","","","NA"
"-115.78","54.14","WHITECOURT","3067371","2016-04-10 17:00","2016","04","10","17:00","","1.0","","-6.2","","59","","","M","","M","12","","","","92.70","","","","","","NA"
"-115.78","54.14","WHITECOURT","3067371","2016-04-10 18:00","2016","04","10","18:00","","1.8","","-6.0","","56","","","M","","M","12","","","","92.72","","","","","","NA"
"-115.78","54.14","WHITECOURT","3067371","2016-04-10 19:00","2016","04","10","19:00","","3.9","","-5.2","","52","","","M","","M","11","","","","92.66","","","","","","NA"
"-115.78","54.14","WHITECOURT","3067371","2016-04-10 20:00","2016","04","10","20:00","","5.4","","-5.6","","45","","","M","","M","9","","","","92.60","","","","","","NA"
"-115.78","54.14","WHITECOURT","3067371","2016-04-10 21:00","2016","04","10","21:00","","6.5","","-5.0","","44","","","M","","M","7","","","","92.52","","","","","","NA"
"-115.78","54.14","WHITECOURT","3067371","2016-04-10 22:00","2016","04","10","22:00","","7.6","","-4.2","","43","","","M","","M","7","","","","92.45","","","","","","NA"
"-115.78","54.14","WHITECOURT","3067371","2016-04-10 23:00","2016","04","10","23:00","","8.3","","-4.6","","40","","","M","","M","7","","","","92.36","","","","","","NA"
"-115.78","54.14","WHITECOURT","3067371","2016-04-11 00:00","2016","04","11","00:00","","8.0","","-4.6","","41","","","M","","M","15","","","","92.33","","","","","","NA"
"-115.78","54.14","WHITECOURT","3067371","2016-04-11 01:00","2016","04","11","01:00","","7.5","","-4.5","","42","","","M","","M","19","","","","92.32","","","","","","NA"
"-115.78","54.14","WHITECOURT","3067371","2016-04-11 02:00","2016","04","11","02:00","","5.9","","-4.6","","47","","","M","","M","18","","","","92.32","","","","","","NA"
"-115.78","54.14","WHITECOURT","3067371","2016-04-11 03:00","2016","04","11","03:00","","3.7","","-5.2","","52","","","M","","M","16","","","","92.32","","","","","","NA"
"-115.78","54.14","WHITECOURT","3067371","2016-04-11 04:00","2016","04","11","04:00","","1.8","","-5.3","","59","","","M","","M","11","","","","92.36","","","","","","NA"
"-115.78","54.14","WHITECOURT","3067371","2016-04-11 05:00","2016","04","11","05:00","","0.8","","-5.5","","63","","","M","","M","13","","","","92.34","","","","","","NA"
"-115.78","54.14","WHITECOURT","3067371","2016-04-11 06:00","2016","04","11","06:00","","-0.8","","-5.8","","68","","","","","M","7","","","","92.31","","","","-3","","NA"
"-115.78","54.14","WHITECOURT","3067371","2016-04-11 07:00","2016","04","11","07:00","","-1.1","","-5.8","","71","","","","","M","11","","","","92.27","","","","-5","","NA"
"-115.78","54.14","WHITECOURT","3067371","2016-04-11 08:00","2016","04","11","08:00","","-2.0","","-6.0","","74","","","","","M","11","","","","92.24","","","","-6","","NA"
"-115.78","54.14","WHITECOURT","3067371","2016-04-11 09:00","2016","04","11","09:00","","-2.3","","-6.2","","75","","","","","M","11","","","","92.19","","","","-6","","NA"
"-115.78","54.14","WHITECOURT","3067371","2016-04-11 10:00","2016","04","11","10:00","","-2.6","","-6.3","","76","","","","","M","12","","","","92.12","","","","-7","","NA"
"-115.78","54.14","WHITECOURT","3067371","2016-04-11 11:00","2016","04","11","11:00","","-2.9","","-6.6","","76","","","","","M","13","","","","92.07","","","","-8","","NA"
"-115.78","54.14","WHITECOURT","3067371","2016-04-11 12:00","2016","04","11","12:00","","-3.3","","-6.8","","77","","","","","M","13","","","","92.03","","","","-8","","NA"
"-115.78","54.14","WHITECOURT","3067371","2016-04-11 13:00","2016","04","11","13:00","","-3.2","","-6.8","","77","","","","","M","10","","","","92.00","","","","-7","","NA"
"-115.78","54.14","WHITECOURT","3067371","2016-04-11 14:00","2016","04","11","14:00","","-2.6","","-6.6","","74","","","","","M","10","","","","91.99","","","","-6","","NA"
"-115.78","54.14","WHITECOURT","3067371","2016-04-11 15:00","2016","04","11","15:00","","-1.9","","-6.0","","74","","","","","M","7","","","","91.97","","","","-5","","NA"
"-115.78","54.14","WHITECOURT","3067371","2016-04-11 16:00","2016","04","11","16:00","","-0.2","","-5.3","","68","","","","","M","0","","","","91.94","","","","","","NA"
"-115.78","54.14","WHITECOURT","3067371","2016-04-11 17:00","2016","04","11","17:00","","3.8","","-4.5","","55","","","M","","M","0","","","","91.88","","","","","","NA"
"-115.78","54.14","WHITECOURT","3067371","2016-04-11 18:00","2016","04","11","18:00","","7.4","","-3.7","","45","","","M","","M","0","","","","91.82","","","","","","NA"
"-115.78","54.14","WHITECOURT","3067371","2016-04-11 19:00","2016","04","11","19:00","","9.9","","-2.7","","41","","","M","","M","3","","","","91.76","","","","","","NA"
"-115.78","54.14","WHITECOURT","3067371","2016-04-11 20:00","2016","04","11","20:00","","12.9","","-2.8","","33","","","M","","M","0","","","","91.70","","","","","","NA"
"-115.78","54.14","WHITECOURT","3067371","2016-04-11 21:00","2016","04","11","21:00","","16.3","","-2.6","","27","","","M","","M","15","","","","91.62","","","","","","NA"
"-115.78","54.14","WHITECOURT","3067371","2016-04-11 22:00","2016","04","11","22:00","","15.9","","-3.2","","27","","","M","","M","13","","","","91.61","","","","","","NA"
"-115.78","54.14","WHITECOURT","3067371","2016-04-11 23:00","2016","04","11","23:00","","15.8","","-2.0","","29","","","M","","M","13","","","","91.62","","","","","","NA"
"-115.78","54.14","WHITECOURT","3067371","2016-04-12 00:00","2016","04","12","00:00","","14.8","","-0.5","","35","","","M","","M","8","","","","91.67","","","","","","NA"
"-115.78","54.14","WHITECOURT","3067371","2016-04-12 01:00","2016","04","12","01:00","","13.1","","2.1","","47","","","M","","M","24","","","","91.72","","","","","","NA"
"-115.78","54.14","WHITECOURT","3067371","2016-04-12 02:00","2016","04","12","02:00","","11.3","","3.5","","59","","","M","","M","15","","","","91.74","","","","","","NA"
"-115.78","54.14","WHITECOURT","3067371","2016-04-12 03:00","2016","04","12","03:00","","10.5","","3.8","","63","","","M","","M","6","","","","91.74","","","","","","NA"
"-115.78","54.14","WHITECOURT","3067371","2016-04-12 04:00","2016","04","12","04:00","","9.6","","3.9","","68","","","M","","M","7","","","","91.76","","","","","","NA"
"-115.78","54.14","WHITECOURT","3067371","2016-04-12 05:00","2016","04","12","05:00","","8.7","","3.5","","70","","","M","","M","5","","","","91.77","","","","","","NA"
"-115.78","54.14","WHITECOURT","3067371","2016-04-12 06:00","2016","04","12","06:00","","7.2","","2.9","","74","","","M","","M","7","","","","91.80","","","","","","NA"
"-115.78","54.14","WHITECOURT","3067371","2016-04-12 07:00","2016","04","12","07:00","","6.2","","2.6","","78","","","M","","M","9","","","","91.82","","","","","","NA"
"-115.78","54.14","WHITECOURT","3067371","2016-04-12 08:00","2016","04","12","08:00","","6.1","","1.4","","72","","","M","","M","15","","","","91.83","","","","","","NA"
"-115.78","54.14","WHITECOURT","3067371","2016-04-12 09:00","2016","04","12","09:00","","4.6","","0.7","","76","","","M","","M","10","","","","91.84","","","","","","NA"
"-115.78","54.14","WHITECOURT","3067371","2016-04-12 10:00","2016","04","12","10:00","","3.6","","0.4","","80","","","M","","M","9","","","","91.86","","","","","","NA"
"-115.78","54.14","WHITECOURT","3067371","2016-04-12 11:00","2016","04","12","11:00","","3.9","","-0.4","","74","","","M","","M","12","","","","91.85","","","","","","NA"
"-115.78","54.14","WHITECOURT","3067371","2016-04-12 12:00","2016","04","12","12:00","","3.7","","-0.8","","73","","","M","","M","13","","","","91.85","","","","","","NA"
"-115.78","54.14","WHITECOURT","3067371","2016-04-12 13:00","2016","04","12","13:00","","1.6","","-1.3","","81","","","M","","M","9","","","","91.83","","","","","","NA"
"-115.78","54.14","WHITECOURT","3067371","2016-04-12 14:00","2016","04","12","14:00","","4.0","","-0.7","","72","","","M","","M","9","","","","91.83","","","","","","NA"
"-115.78","54.14","WHITECOURT","3067371","2016-04-12 15:00","2016","04","12","15:00","","5.4","","-0.5","","66","","","M","","M","5","","","","91.82","","","","","","NA"
"-115.78","54.14","WHITECOURT","3067371","2016-04-12 16:00","2016","04","12","16:00","","9.2","","0.0","","53","","","M","","M","3","","","","91.77","","","","","","NA"
"-115.78","54.14","WHITECOURT","3067371","2016-04-12 17:00","2016","04","12","17:00","","12.1","","-0.3","","42","","","M","","M","","M","","","91.70","","","","","","NA"
"-115.78","54.14","WHITECOURT","3067371","2016-04-12 18:00","2016","04","12","18:00","","13.4","","-1.9","","35","","","M","","M","8","","","","91.67","","","","","","NA"
"-115.78","54.14","WHITECOURT","3067371","2016-04-12 19:00","2016","04","12","19:00","","14.8","","-1.6","","32","","","M","","M","9","","","","91.60","","","","","","NA"
"-115.78","54.14","WHITECOURT","3067371","2016-04-12 20:00","2016","04","12","20:00","","14.7","","-1.9","","32","","","M","","M","14","","","","91.60","","","","","","NA"
"-115.78","54.14","WHITECOURT","3067371","2016-04-12 21:00","2016","04","12","21:00","","16.3","","-0.2","","33","","","M","","M","10","","","","91.58","","","","","","NA"
"-115.78","54.14","WHITECOURT","3067371","2016-04-12 22:00","2016","04","12","22:00","","16.7","","-2.3","","27","","","M","","M","9","","","","91.56","","","","","","NA"
"-115.78","54.14","WHITECOURT","3067371","2016-04-12 23:00","2016","04","12","23:00","","16.3","","-2.1","","28","","","M","","M","13","","","","91.56","","","","","","NA"
"-115.78","54.14","WHITECOURT","3067371","2016-04-13 00:00","2016","04","13","00:00","","17.0","","-3.7","","24","","","M","","M","11","","","","91.55","","","","","","NA"
"-115.78","54.14","WHITECOURT","3067371","2016-04-13 01:00","2016","04","13","01:00","","16.7","","-3.8","","24","","","M","","M","10","","","","91.52","","","","","","NA"
"-115.78","54.14","WHITECOURT","3067371","2016-04-13 02:00","2016","04","13","02:00","","15.1","","-3.0","","29","","","M","","M","4","","","","91.50","","","","","","NA"
"-115.78","54.14","WHITECOURT","3067371","2016-04-13 03:00","2016","04","13","03:00","","12.6","","-4.2","","31","","","M","","M","9","","","","91.57","","","","","","NA"
"-115.78","54.14","WHITECOURT","3067371","2016-04-13 04:00","2016","04","13","04:00","","12.7","","-6.9","","25","","","M","","M","15","","","","91.65","","","","","","NA"
"-115.78","54.14","WHITECOURT","3067371","2016-04-13 05:00","2016","04","13","05:00","","11.1","","-6.5","","29","","","M","","M","10","","","","91.71","","","","","","NA"
"-115.78","54.14","WHITECOURT","3067371","2016-04-13 06:00","2016","04","13","06:00","","10.0","","-7.0","","30","","","M","","M","9","","","","91.74","","","","","","NA"
"-115.78","54.14","WHITECOURT","3067371","2016-04-13 07:00","2016","04","13","07:00","","9.0","","-6.8","","32","","","M","","M","10","","","","91.76","","","","","","NA"
"-115.78","54.14","WHITECOURT","3067371","2016-04-13 08:00","2016","04","13","08:00","","7.6","","-5.6","","39","","","M","","M","8","","","","91.77","","","","","","NA"
"-115.78","54.14","WHITECOURT","3067371","2016-04-13 09:00","2016","04","13","09:00","","7.2","","-6.1","","38","","","M","","M","10","","","","91.77","","","","","","NA"
"-115.78","54.14","WHITECOURT","3067371","2016-04-13 10:00","2016","04","13","10:00","","5.0","","-5.2","","48","","","M","","M","4","","","","91.76","","","","","","NA"
"-115.78","54.14","WHITECOURT","3067371","2016-04-13 11:00","2016","04","13","11:00","","3.3","","-5.1","","54","","","M","","M","0","","","","91.77","","","","","","NA"
"-115.78","54.14","WHITECOURT","3067371","2016-04-13 12:00","2016","04","13","12:00","","3.2","","-4.9","","55","","","M","","M","5","","","","91.76","","","","","","NA"
"-115.78","54.14","WHITECOURT","3067371","2016-04-13 13:00","2016","04","13","13:00","","3.0","","-5.2","","55","","","M","","M","7","","","","91.75","","","","","","NA"
"-115.78","54.14","WHITECOURT","3067371","2016-04-13 14:00","2016","04","13","14:00","","3.8","","-4.8","","53","","","M","","M","11","","","","91.75","","","","","","NA"
"-115.78","54.14","WHITECOURT","3067371","2016-04-13 15:00","2016","04","13","15:00","","5.7","","-4.0","","50","","","M","","M","14","","","","91.76","","","","","","NA"
"-115.78","54.14","WHITECOURT","3067371","2016-04-13 16:00","2016","04","13","16:00","","8.3","","-4.2","","41","","","M","","M","7","","","","91.76","","","","","","NA"
"-115.78","54.14","WHITECOURT","3067371","2016-04-13 17:00","2016","04","13","17:00","","10.3","","-2.7","","40","","","M","","M","8","","","","91.79","","","","","","NA"
"-115.78","54.14","WHITECOURT","3067371","2016-04-13 18:00","2016","04","13","18:00","","10.8","","-3.5","","37","","","M","","M","23","","","","91.78","","","","","","NA"
"-115.78","54.14","WHITECOURT","3067371","2016-04-13 19:00","2016","04","13","19:00","","9.6","","-0.8","","48","","","M","","M","38","","","","91.83","","","","","","NA"
"-115.78","54.14","WHITECOURT","3067371","2016-04-13 20:00","2016","04","13","20:00","","10.9","","-1.9","","41","","","M","","M","28","","","","91.82","","","","","","NA"
"-115.78","54.14","WHITECOURT","3067371","2016-04-13 21:00","2016","04","13","21:00","","11.8","","-6.7","","27","","","M","","M","32","","","","91.81","","","","","","NA"
"-115.78","54.14","WHITECOURT","3067371","2016-04-13 22:00","2016","04","13","22:00","","12.3","","-4.8","","30","","","M","","M","17","","","","91.77","","","","","","NA"
"-115.78","54.14","WHITECOURT","3067371","2016-04-13 23:00","2016","04","13","23:00","","12.3","","-4.9","","30","","","M","","M","16","","","","91.74","","","","","","NA"
"-115.78","54.14","WHITECOURT","3067371","2016-04-14 00:00","2016","04","14","00:00","","11.4","","-4.1","","34","","","M","","M","24","","","","91.77","","","","","","NA"
"-115.78","54.14","WHITECOURT","3067371","2016-04-14 01:00","2016","04","14","01:00","","11.1","","-5.5","","31","","","M","","M","15","","","","91.76","","","","","","NA"
"-115.78","54.14","WHITECOURT","3067371","2016-04-14 02:00","2016","04","14","02:00","","10.1","","-5.9","","32","","","M","","M","16","","","","91.77","","","","","","NA"
"-115.78","54.14","WHITECOURT","3067371","2016-04-14 03:00","2016","04","14","03:00","","8.1","","-4.6","","40","","","M","","M","13","","","","91.80","","","","","","NA"
"-115.78","54.14","WHITECOURT","3067371","2016-04-14 04:00","2016","04","14","04:00","","6.5","","-4.5","","45","","","M","","M","5","","","","91.82","","","","","","NA"
"-115.78","54.14","WHITECOURT","3067371","2016-04-14 05:00","2016","04","14","05:00","","5.0","","-4.4","","51","","","M","","M","9","","","","91.84","","","","","","NA"
"-115.78","54.14","WHITECOURT","3067371","2016-04-14 06:00","2016","04","14","06:00","","4.3","","-3.5","","57","","","M","","M","11","","","","91.86","","","","","","NA"
"-115.78","54.14","WHITECOURT","3067371","2016-04-14 07:00","2016","04","14","07:00","","2.5","","-3.8","","63","","","M","","M","0","","","","91.87","","","","","","NA"
"-115.78","54.14","WHITECOURT","3067371","2016-04-14 08:00","2016","04","14","08:00","","0.9","","-3.9","","70","","","M","","M","0","","","","91.87","","","","","","NA"
"-115.78","54.14","WHITECOURT","3067371","2016-04-14 09:00","2016","04","14","09:00","","-0.4","","-4.1","","76","","","","","M","3","","","","91.89","","","","-1","","NA"
"-115.78","54.14","WHITECOURT","3067371","2016-04-14 10:00","2016","04","14","10:00","","-0.1","","-3.6","","77","","","","","M","14","","","","91.90","","","","-4","","NA"
"-115.78","54.14","WHITECOURT","3067371","2016-04-14 11:00","2016","04","14","11:00","","-1.3","","-4.1","","81","","","","","M","11","","","","91.95","","","","-5","","NA"
"-115.78","54.14","WHITECOURT","3067371","2016-04-14 12:00","2016","04","14","12:00","","-2.2","","-4.7","","83","","","","","M","6","","","","91.99","","","","-5","","NA"
"-115.78","54.14","WHITECOURT","3067371","2016-04-14 13:00","2016","04","14","13:00","","-2.1","","-4.2","","86","","","","","M","12","","","","92.03","","","","-6","","NA"
"-115.78","54.14","WHITECOURT","3067371","2016-04-14 14:00","2016","04","14","14:00","","-0.9","","-2.7","","88","","","","","M","14","","","","92.06","","","","-5","","NA"
"-115.78","54.14","WHITECOURT","3067371","2016-04-14 15:00","2016","04","14","15:00","","1.1","","-1.6","","83","","","M","","M","13","","","","92.08","","","","","","NA"
"-115.78","54.14","WHITECOURT","3067371","2016-04-14 16:00","2016","04","14","16:00","","2.5","","-1.5","","75","","","M","","M","17","","","","92.11","","","","","","NA"
"-115.78","54.14","WHITECOURT","3067371","2016-04-14 17:00","2016","04","14","17:00","","4.0","","-1.5","","68","","","M","","M","15","","","","92.10","","","","","","NA"
"-115.78","54.14","WHITECOURT","3067371","2016-04-14 18:00","2016","04","14","18:00","","6.2","","-1.8","","56","","","M","","M","17","","","","92.08","","","","","","NA"
"-115.78","54.14","WHITECOURT","3067371","2016-04-14 19:00","2016","04","14","19:00","","7.0","","-2.1","","52","","","M","","M","19","","","","92.07","","","","","","NA"
"-115.78","54.14","WHITECOURT","3067371","2016-04-14 20:00","2016","04","14","20:00","","8.8","","-3.0","","43","","","M","","M","15","","","","92.05","","","","","","NA"
"-115.78","54.14","WHITECOURT","3067371","2016-04-14 21:00","2016","04","14","21:00","","9.3","","-3.9","","39","","","M","","M","14","","","","92.04","","","","","","NA"
"-115.78","54.14","WHITECOURT","3067371","2016-04-14 22:00","2016","04","14","22:00","","10.0","","-3.9","","37","","","M","","M","16","","","","92.03","","","","","","NA"
"-115.78","54.14","WHITECOURT","3067371","2016-04-14 23:00","2016","04","14","23:00","","9.8","","-4.8","","35","","","M","","M","21","","","","92.06","","","","","","NA"
"-115.78","54.14","WHITECOURT","3067371","2016-04-15 00:00","2016","04","15","00:00","","9.9","","-5.0","","35","","","M","","M","14","","","","92.10","","","","","","NA"
"-115.78","54.14","WHITECOURT","3067371","2016-04-15 01:00","2016","04","15","01:00","","9.3","","-4.5","","37","","","M","","M","9","","","","92.12","","","","","","NA"
"-115.78","54.14","WHITECOURT","3067371","2016-04-15 02:00","2016","04","15","02:00","","8.6","","-4.9","","38","","","M","","M","10","","","","92.18","","","","","","NA"
"-115.78","54.14","WHITECOURT","3067371","2016-04-15 03:00","2016","04","15","03:00","","6.4","","-4.9","","44","","","M","","M","3","","","","92.23","","","","","","NA"
"-115.78","54.14","WHITECOURT","3067371","2016-04-15 04:00","2016","04","15","04:00","","4.3","","-4.6","","52","","","M","","M","4","","","","92.30","","","","","","NA"
"-115.78","54.14","WHITECOURT","3067371","2016-04-15 05:00","2016","04","15","05:00","","3.8","","-4.6","","54","","","M","","M","5","","","","92.38","","","","","","NA"
"-115.78","54.14","WHITECOURT","3067371","2016-04-15 06:00","2016","04","15","06:00","","2.4","","-3.3","","66","","","M","","M","13","","","","92.42","","","","","","NA"
"-115.78","54.14","WHITECOURT","3067371","2016-04-15 07:00","2016","04","15","07:00","","1.3","","-4.1","","68","","","M","","M","13","","","","92.48","","","","","","NA"
"-115.78","54.14","WHITECOURT","3067371","2016-04-15 08:00","2016","04","15","08:00","","-0.1","","-4.2","","74","","","","","M","6","","","","92.54","","","","-2","","NA"
"-115.78","54.14","WHITECOURT","3067371","2016-04-15 09:00","2016","04","15","09:00","","-1.2","","-4.4","","79","","","","","M","6","","","","92.56","","","","-3","","NA"
"-115.78","54.14","WHITECOURT","3067371","2016-04-15 10:00","2016","04","15","10:00","","-1.8","","-5.0","","79","","","","","M","10","","","","92.57","","","","-5","","NA"
"-115.78","54.14","WHITECOURT","3067371","2016-04-15 11:00","2016","04","15","11:00","","-2.9","","-5.2","","84","","","","","M","12","","","","92.62","","","","-7","","NA"
"-115.78","54.14","WHITECOURT","3067371","2016-04-15 12:00","2016","04","15","12:00","","-3.6","","-5.6","","86","","","","","M","11","","","","92.66","","","","-8","","NA"
"-115.78","54.14","WHITECOURT","3067371","2016-04-15 13:00","2016","04","15","13:00","","-3.9","","-5.7","","88","","","","","M","11","","","","92.68","","","","-8","","NA"
"-115.78","54.14","WHITECOURT","3067371","2016-04-15 14:00","2016","04","15","14:00","","-2.7","","-5.1","","83","","","","","M","9","","","","92.70","","","","-6","","NA"
"-115.78","54.14","WHITECOURT","3067371","2016-04-15 15:00","2016","04","15","15:00","","-1.4","","-4.5","","79","","","","","M","9","","","","92.69","","","","-5","","NA"
"-115.78","54.14","WHITECOURT","3067371","2016-04-15 16:00","2016","04","15","16:00","","0.7","","-3.6","","73","","","M","","M","12","","","","92.68","","","","","","NA"
"-115.78","54.14","WHITECOURT","3067371","2016-04-15 17:00","2016","04","15","17:00","","3.5","","-2.8","","63","","","M","","M","13","","","","92.66","","","","","","NA"
"-115.78","54.14","WHITECOURT","3067371","2016-04-15 18:00","2016","04","15","18:00","","7.1","","-1.4","","55","","","M","","M","13","","","","92.64","","","","","","NA"
"-115.78","54.14","WHITECOURT","3067371","2016-04-15 19:00","2016","04","15","19:00","","11.0","","0.1","","47","","","M","","M","12","","","","92.56","","","","","","NA"
"-115.78","54.14","WHITECOURT","3067371","2016-04-15 20:00","2016","04","15","20:00","","12.9","","0.7","","43","","","M","","M","17","","","","92.51","","","","","","NA"
"-115.78","54.14","WHITECOURT","3067371","2016-04-15 21:00","2016","04","15","21:00","","14.7","","-1.6","","33","","","M","","M","8","","","","92.45","","","","","","NA"
"-115.78","54.14","WHITECOURT","3067371","2016-04-15 22:00","2016","04","15","22:00","","15.2","","-3.9","","27","","","M","","M","10","","","","92.40","","","","","","NA"
"-115.78","54.14","WHITECOURT","3067371","2016-04-15 23:00","2016","04","15","23:00","","14.3","","-4.1","","28","","","M","","M","15","","","","92.41","","","","","","NA"
"-115.78","54.14","WHITECOURT","3067371","2016-04-16 00:00","2016","04","16","00:00","","15.2","","-3.4","","28","","","M","","M","12","","","","92.40","","","","","","NA"
"-115.78","54.14","WHITECOURT","3067371","2016-04-16 01:00","2016","04","16","01:00","","13.8","","-2.8","","32","","","M","","M","14","","","","92.40","","","","","","NA"
"-115.78","54.14","WHITECOURT","3067371","2016-04-16 02:00","2016","04","16","02:00","","12.4","","-2.2","","36","","","M","","M","4","","","","92.43","","","","","","NA"
"-115.78","54.14","WHITECOURT","3067371","2016-04-16 03:00","2016","04","16","03:00","","9.2","","1.6","","59","","","M","","M","16","","","","92.52","","","","","","NA"
"-115.78","54.14","WHITECOURT","3067371","2016-04-16 04:00","2016","04","16","04:00","","8.7","","2.0","","63","","","M","","M","0","","","","92.58","","","","","","NA"
"-115.78","54.14","WHITECOURT","3067371","2016-04-16 05:00","2016","04","16","05:00","","7.7","","1.2","","64","","","M","","M","5","","","","92.59","","","","","","NA"
"-115.78","54.14","WHITECOURT","3067371","2016-04-16 06:00","2016","04","16","06:00","","6.5","","1.4","","70","","","M","","M","4","","","","92.63","","","","","","NA"
"-115.78","54.14","WHITECOURT","3067371","2016-04-16 07:00","2016","04","16","07:00","","6.3","","2.2","","75","","","M","","M","4","","","","92.69","","","","","","NA"
"-115.78","54.14","WHITECOURT","3067371","2016-04-16 08:00","2016","04","16","08:00","","4.7","","1.4","","79","","","M","","M","8","","","","92.74","","","","","","NA"
"-115.78","54.14","WHITECOURT","3067371","2016-04-16 09:00","2016","04","16","09:00","","3.9","","1.0","","81","","","M","","M","10","","","","92.81","","","","","","NA"
"-115.78","54.14","WHITECOURT","3067371","2016-04-16 10:00","2016","04","16","10:00","","3.6","","0.5","","80","","","M","","M","10","","","","92.87","","","","","","NA"
"-115.78","54.14","WHITECOURT","3067371","2016-04-16 11:00","2016","04","16","11:00","","3.5","","-0.2","","77","","","M","","M","5","","","","92.95","","","","","","NA"
"-115.78","54.14","WHITECOURT","3067371","2016-04-16 12:00","2016","04","16","12:00","","3.0","","-0.6","","77","","","M","","M","0","","","","93.00","","","","","","NA"
"-115.78","54.14","WHITECOURT","3067371","2016-04-16 13:00","2016","04","16","13:00","","2.8","","-1.0","","76","","","M","","M","13","","","","93.08","","","","","","NA"
"-115.78","54.14","WHITECOURT","3067371","2016-04-16 14:00","2016","04","16","14:00","","4.7","","-1.0","","66","","","M","","M","13","","","","93.15","","","","","","NA"
"-115.78","54.14","WHITECOURT","3067371","2016-04-16 15:00","2016","04","16","15:00","","7.2","","-0.1","","60","","","M","","M","13","","","","93.14","","","","","","NA"
"-115.78","54.14","WHITECOURT","3067371","2016-04-16 16:00","2016","04","16","16:00","","10.3","","0.1","","49","","","M","","M","10","","","","93.17","","","","","","NA"
"-115.78","54.14","WHITECOURT","3067371","2016-04-16 17:00","2016","04","16","17:00","","12.2","","-1.7","","38","","","M","","M","11","","","","93.17","","","","","","NA"
"-115.78","54.14","WHITECOURT","3067371","2016-04-16 18:00","2016","04","16","18:00","","13.5","","-3.7","","30","","","M","","M","9","","","","93.15","","","","","","NA"
"-115.78","54.14","WHITECOURT","3067371","2016-04-16 19:00","2016","04","16","19:00","","14.4","","-3.6","","29","","","M","","M","6","","","","93.12","","","","","","NA"
"-115.78","54.14","WHITECOURT","3067371","2016-04-16 20:00","2016","04","16","20:00","","15.8","","-3.2","","27","","","M","","M","11","","","","93.09","","","","","","NA"
"-115.78","54.14","WHITECOURT","3067371","2016-04-16 21:00","2016","04","16","21:00","","16.9","","-4.5","","23","","","M","","M","3","","","","93.05","","","","","","NA"
"-115.78","54.14","WHITECOURT","3067371","2016-04-16 22:00","2016","04","16","22:00","","17.2","","-4.5","","22","","","M","","M","8","","","","93.04","","","","","","NA"
"-115.78","54.14","WHITECOURT","3067371","2016-04-16 23:00","2016","04","16","23:00","","17.8","","-4.8","","21","","","M","","M","15","","","","93.01","","","","","","NA"
"-115.78","54.14","WHITECOURT","3067371","2016-04-17 00:00","2016","04","17","00:00","","17.5","","-5.2","","21","","","M","","M","7","","","","93.00","","","","","","NA"
"-115.78","54.14","WHITECOURT","3067371","2016-04-17 01:00","2016","04","17","01:00","","16.7","","-4.9","","22","","","M","","M","8","","","","92.98","","","","","","NA"
"-115.78","54.14","WHITECOURT","3067371","2016-04-17 02:00","2016","04","17","02:00","","14.9","","-3.6","","28","","","M","","M","4","","","","92.99","","","","","","NA"
"-115.78","54.14","WHITECOURT","3067371","2016-04-17 03:00","2016","04","17","03:00","","14.3","","-4.0","","28","","","M","","M","7","","","","93.03","","","","","","NA"
"-115.78","54.14","WHITECOURT","3067371","2016-04-17 04:00","2016","04","17","04:00","","13.5","","-3.1","","31","","","M","","M","5","","","","93.07","","","","","","NA"
"-115.78","54.14","WHITECOURT","3067371","2016-04-17 05:00","2016","04","17","05:00","","12.4","","-2.7","","35","","","M","","M","0","","","","93.10","","","","","","NA"
"-115.78","54.14","WHITECOURT","3067371","2016-04-17 06:00","2016","04","17","06:00","","10.8","","-3.2","","37","","","M","","M","","M","","","93.10","","","","","","NA"
"-115.78","54.14","WHITECOURT","3067371","2016-04-17 07:00","2016","04","17","07:00","","8.8","","-2.8","","44","","","M","","M","0","","","","93.15","","","","","","NA"
"-115.78","54.14","WHITECOURT","3067371","2016-04-17 08:00","2016","04","17","08:00","","7.1","","-3.6","","46","","","M","","M","3","","","","93.19","","","","","","NA"
"-115.78","54.14","WHITECOURT","3067371","2016-04-17 09:00","2016","04","17","09:00","","6.6","","-3.6","","48","","","M","","M","0","","","","93.21","","","","","","NA"
"-115.78","54.14","WHITECOURT","3067371","2016-04-17 10:00","2016","04","17","10:00","","4.6","","-3.1","","57","","","M","","M","0","","","","93.24","","","","","","NA"
"-115.78","54.14","WHITECOURT","3067371","2016-04-17 11:00","2016","04","17","11:00","","3.2","","-3.4","","62","","","M","","M","4","","","","93.28","","","","","","NA"
"-115.78","54.14","WHITECOURT","3067371","2016-04-17 12:00","2016","04","17","12:00","","4.1","","-3.6","","57","","","M","","M","4","","","","93.34","","","","","","NA"
"-115.78","54.14","WHITECOURT","3067371","2016-04-17 13:00","2016","04","17","13:00","","2.8","","-3.1","","65","","","M","","M","7","","","","93.41","","","","","","NA"
"-115.78","54.14","WHITECOURT","3067371","2016-04-17 14:00","2016","04","17","14:00","","3.5","","-2.2","","66","","","M","","M","5","","","","93.45","","","","","","NA"
"-115.78","54.14","WHITECOURT","3067371","2016-04-17 15:00","2016","04","17","15:00","","4.6","","-2.2","","61","","","M","","M","","M","","","93.47","","","","","","NA"
"-115.78","54.14","WHITECOURT","3067371","2016-04-17 16:00","2016","04","17","16:00","","10.0","","-2.0","","43","","","M","","M","0","","","","93.48","","","","","","NA"
"-115.78","54.14","WHITECOURT","3067371","2016-04-17 17:00","2016","04","17","17:00","","14.5","","-1.6","","33","","","M","","M","0","","","","93.47","","","","","","NA"
"-115.78","54.14","WHITECOURT","3067371","2016-04-17 18:00","2016","04","17","18:00","","17.8","","-0.4","","29","","","M","","M","3","","","","93.45","","","","","","NA"
"-115.78","54.14","WHITECOURT","3067371","2016-04-17 19:00","2016","04","17","19:00","","19.2","","-0.5","","26","","","M","","M","0","","","","93.39","","","","","","NA"
"-115.78","54.14","WHITECOURT","3067371","2016-04-17 20:00","2016","04","17","20:00","","20.1","","-0.8","","25","","","M","","M","7","","","","93.34","","","","","","NA"
"-115.78","54.14","WHITECOURT","3067371","2016-04-17 21:00","2016","04","17","21:00","","21.4","","-1.1","","22","","","M","","M","9","","","","93.31","","","","","","NA"
"-115.78","54.14","WHITECOURT","3067371","2016-04-17 22:00","2016","04","17","22:00","","22.6","","0.3","","23","","","M","","M","11","","","","93.25","","","","","","NA"
"-115.78","54.14","WHITECOURT","3067371","2016-04-17 23:00","2016","04","17","23:00","","22.0","","-0.5","","22","","","M","","M","10","","","","93.23","","","","","","NA"
"-115.78","54.14","WHITECOURT","3067371","2016-04-18 00:00","2016","04","18","00:00","","22.1","","0.2","","23","","","M","","M","7","","","","93.22","","","","","","NA"
"-115.78","54.14","WHITECOURT","3067371","2016-04-18 01:00","2016","04","18","01:00","","21.9","","-0.4","","23","","","M","","M","4","","","","93.21","","","","","","NA"
"-115.78","54.14","WHITECOURT","3067371","2016-04-18 02:00","2016","04","18","02:00","","21.4","","0.3","","24","","","M","","M","0","","","","93.21","","","","","","NA"
"-115.78","54.14","WHITECOURT","3067371","2016-04-18 03:00","2016","04","18","03:00","","18.1","","-0.9","","27","","","M","","M","9","","","","93.24","","","","","","NA"
"-115.78","54.14","WHITECOURT","3067371","2016-04-18 04:00","2016","04","18","04:00","","16.4","","-1.5","","29","","","M","","M","7","","","","93.27","","","","","","NA"
"-115.78","54.14","WHITECOURT","3067371","2016-04-18 05:00","2016","04","18","05:00","","15.3","","-1.9","","31","","","M","","M","4","","","","93.28","","","","","","NA"
"-115.78","54.14","WHITECOURT","3067371","2016-04-18 06:00","2016","04","18","06:00","","14.2","","-2.8","","31","","","M","","M","","M","","","93.29","","","","","","NA"
"-115.78","54.14","WHITECOURT","3067371","2016-04-18 07:00","2016","04","18","07:00","","13.5","","-3.0","","32","","","M","","M","0","","","","93.29","","","","","","NA"
"-115.78","54.14","WHITECOURT","3067371","2016-04-18 08:00","2016","04","18","08:00","","12.5","","-2.5","","35","","","M","","M","6","","","","93.29","","","","","","NA"
"-115.78","54.14","WHITECOURT","3067371","2016-04-18 09:00","2016","04","18","09:00","","9.9","","-2.4","","42","","","M","","M","0","","","","93.26","","","","","","NA"
"-115.78","54.14","WHITECOURT","3067371","2016-04-18 10:00","2016","04","18","10:00","","8.6","","-1.4","","49","","","M","","M","7","","","","93.24","","","","","","NA"
"-115.78","54.14","WHITECOURT","3067371","2016-04-18 11:00","2016","04","18","11:00","","7.3","","-2.0","","52","","","M","","M","3","","","","93.21","","","","","","NA"
"-115.78","54.14","WHITECOURT","3067371","2016-04-18 12:00","2016","04","18","12:00","","6.4","","-1.6","","56","","","M","","M","0","","","","93.22","","","","","","NA"
"-115.78","54.14","WHITECOURT","3067371","2016-04-18 13:00","2016","04","18","13:00","","6.1","","-1.7","","58","","","M","","M","","M","","","93.23","","","","","","NA"
"-115.78","54.14","WHITECOURT","3067371","2016-04-18 14:00","2016","04","18","14:00","","6.9","","-0.6","","59","","","M","","M","3","","","","93.19","","","","","","NA"
"-115.78","54.14","WHITECOURT","3067371","2016-04-18 15:00","2016","04","18","15:00","","10.7","","-0.8","","45","","","M","","M","6","","","","93.14","","","","","","NA"
"-115.78","54.14","WHITECOURT","3067371","2016-04-18 16:00","2016","04","18","16:00","","12.6","","0.2","","42","","","M","","M","5","","","","93.10","","","","","","NA"
"-115.78","54.14","WHITECOURT","3067371","2016-04-18 17:00","2016","04","18","17:00","","17.2","","1.6","","35","","","M","","M","0","","","","93.05","","","","","","NA"
"-115.78","54.14","WHITECOURT","3067371","2016-04-18 18:00","2016","04","18","18:00","","20.2","","2.1","","30","","","M","","M","4","","","","92.95","","","","","","NA"
"-115.78","54.14","WHITECOURT","3067371","2016-04-18 19:00","2016","04","18","19:00","","24.1","","1.2","","22","","","M","","M","6","","","","92.83","","","","","","NA"
"-115.78","54.14","WHITECOURT","3067371","2016-04-18 20:00","2016","04","18","20:00","","25.6","","-1.0","","17","","","M","","M","18","","","","92.73","","","","","","NA"
"-115.78","54.14","WHITECOURT","3067371","2016-04-18 21:00","2016","04","18","21:00","","26.9","","-0.2","","17","","","M","","M","14","","","","92.63","","25","","","","NA"
"-115.78","54.14","WHITECOURT","3067371","2016-04-18 22:00","2016","04","18","22:00","","26.8","","-1.1","","16","","","M","","M","22","","","","92.54","","","","","","NA"
"-115.78","54.14","WHITECOURT","3067371","2016-04-18 23:00","2016","04","18","23:00","","26.8","","-2.4","","15","","","M","","M","14","","","","92.41","","","","","","NA"
"-115.78","54.14","WHITECOURT","3067371","2016-04-19 00:00","2016","04","19","00:00","","27.0","","-0.1","","17","","","M","","M","17","","","","92.33","","25","","","","NA"
"-115.78","54.14","WHITECOURT","3067371","2016-04-19 01:00","2016","04","19","01:00","","26.2","","1.3","","20","","","M","","M","21","","","","92.26","","","","","","NA"
"-115.78","54.14","WHITECOURT","3067371","2016-04-19 02:00","2016","04","19","02:00","","23.4","","0.9","","23","","","M","","M","8","","","","92.20","","","","","","NA"
"-115.78","54.14","WHITECOURT","3067371","2016-04-19 03:00","2016","04","19","03:00","","22.2","","0.0","","23","","","M","","M","0","","","","92.17","","","","","","NA"
"-115.78","54.14","WHITECOURT","3067371","2016-04-19 04:00","2016","04","19","04:00","","19.8","","0.4","","27","","","M","","M","6","","","","92.15","","","","","","NA"
"-115.78","54.14","WHITECOURT","3067371","2016-04-19 05:00","2016","04","19","05:00","","18.7","","-0.5","","27","","","M","","M","9","","","","92.14","","","","","","NA"
"-115.78","54.14","WHITECOURT","3067371","2016-04-19 06:00","2016","04","19","06:00","","18.9","","-3.0","","23","","","M","","M","13","","","","92.15","","","","","","NA"
"-115.78","54.14","WHITECOURT","3067371","2016-04-19 07:00","2016","04","19","07:00","","18.8","","-3.0","","23","","","M","","M","9","","","","92.15","","","","","","NA"
"-115.78","54.14","WHITECOURT","3067371","2016-04-19 08:00","2016","04","19","08:00","","18.5","","-2.8","","23","","","M","","M","6","","","","92.18","","","","","","NA"
"-115.78","54.14","WHITECOURT","3067371","2016-04-19 09:00","2016","04","19","09:00","","17.8","","-1.8","","26","","","M","","M","8","","","","92.17","","","","","","NA"
"-115.78","54.14","WHITECOURT","3067371","2016-04-19 10:00","2016","04","19","10:00","","16.2","","-1.6","","29","","","M","","M","0","","","","92.20","","","","","","NA"
"-115.78","54.14","WHITECOURT","3067371","2016-04-19 11:00","2016","04","19","11:00","","14.5","","-2.0","","32","","","M","","M","5","","","","92.23","","","","","","NA"
"-115.78","54.14","WHITECOURT","3067371","2016-04-19 12:00","2016","04","19","12:00","","11.3","","-0.7","","43","","","M","","M","14","","","","92.31","","","","","","NA"
"-115.78","54.14","WHITECOURT","3067371","2016-04-19 13:00","2016","04","19","13:00","","12.9","","-1.1","","38","","","M","","M","13","","","","92.34","","","","","","NA"
"-115.78","54.14","WHITECOURT","3067371","2016-04-19 14:00","2016","04","19","14:00","","13.1","","0.3","","41","","","M","","M","13","","","","92.40","","","","","","NA"
"-115.78","54.14","WHITECOURT","3067371","2016-04-19 15:00","2016","04","19","15:00","","13.8","","1.3","","43","","","M","","M","7","","","","92.45","","","","","","NA"
"-115.78","54.14","WHITECOURT","3067371","2016-04-19 16:00","2016","04","19","16:00","","14.4","","1.6","","42","","","M","","M","14","","","","92.45","","","","","","NA"
"-115.78","54.14","WHITECOURT","3067371","2016-04-19 17:00","2016","04","19","17:00","","14.7","","1.4","","41","","","M","","M","15","","","","92.44","","","","","","NA"
"-115.78","54.14","WHITECOURT","3067371","2016-04-19 18:00","2016","04","19","18:00","","16.2","","1.4","","37","","","M","","M","8","","","","92.41","","","","","","NA"
"-115.78","54.14","WHITECOURT","3067371","2016-04-19 19:00","2016","04","19","19:00","","18.0","","2.0","","34","","","M","","M","9","","","","92.37","","","","","","NA"
"-115.78","54.14","WHITECOURT","3067371","2016-04-19 20:00","2016","04","19","20:00","","19.8","","2.0","","31","","","M","","M","11","","","","92.28","","","","","","NA"
"-115.78","54.14","WHITECOURT","3067371","2016-04-19 21:00","2016","04","19","21:00","","21.3","","2.4","","29","","","M","","M","9","","","","92.20","","","","","","NA"
"-115.78","54.14","WHITECOURT","3067371","2016-04-19 22:00","2016","04","19","22:00","","22.8","","1.5","","25","","","M","","M","10","","","","92.13","","","","","","NA"
"-115.78","54.14","WHITECOURT","3067371","2016-04-19 23:00","2016","04","19","23:00","","23.0","","1.8","","25","","","M","","M","13","","","","92.10","","","","","","NA"
"-115.78","54.14","WHITECOURT","3067371","2016-04-20 00:00","2016","04","20","00:00","","22.2","","1.5","","25","","","M","","M","19","","","","92.10","","","","","","NA"
"-115.78","54.14","WHITECOURT","3067371","2016-04-20 01:00","2016","04","20","01:00","","20.8","","0.6","","26","","","M","","M","19","","","","92.14","","","","","","NA"
"-115.78","54.14","WHITECOURT","3067371","2016-04-20 02:00","2016","04","20","02:00","","19.3","","0.0","","27","","","M","","M","17","","","","92.19","","","","","","NA"
"-115.78","54.14","WHITECOURT","3067371","2016-04-20 03:00","2016","04","20","03:00","","16.1","","-2.3","","28","","","M","","M","10","","","","92.29","","","","","","NA"
"-115.78","54.14","WHITECOURT","3067371","2016-04-20 04:00","2016","04","20","04:00","","14.5","","-5.3","","25","","","M","","M","12","","","","92.38","","","","","","NA"
"-115.78","54.14","WHITECOURT","3067371","2016-04-20 05:00","2016","04","20","05:00","","11.4","","-5.3","","31","","","M","","M","","M","","","92.44","","","","","","NA"
"-115.78","54.14","WHITECOURT","3067371","2016-04-20 06:00","2016","04","20","06:00","","11.2","","-8.6","","24","","","M","","M","5","","","","92.53","","","","","","NA"
"-115.78","54.14","WHITECOURT","3067371","2016-04-20 07:00","2016","04","20","07:00","","9.9","","-10.3","","23","","","M","","M","0","","","","92.61","","","","","","NA"
"-115.78","54.14","WHITECOURT","3067371","2016-04-20 08:00","2016","04","20","08:00","","7.3","","-10.1","","28","","","M","","M","0","","","","92.67","","","","","","NA"
"-115.78","54.14","WHITECOURT","3067371","2016-04-20 09:00","2016","04","20","09:00","","6.0","","-9.4","","32","","","M","","M","0","","","","92.74","","","","","","NA"
"-115.78","54.14","WHITECOURT","3067371","2016-04-20 10:00","2016","04","20","10:00","","5.3","","-9.4","","34","","","M","","M","8","","","","92.83","","","","","","NA"
"-115.78","54.14","WHITECOURT","3067371","2016-04-20 11:00","2016","04","20","11:00","","3.0","","-8.5","","42","","","M","","M","10","","","","92.90","","","","","","NA"
"-115.78","54.14","WHITECOURT","3067371","2016-04-20 12:00","2016","04","20","12:00","","1.5","","-7.0","","53","","","M","","M","10","","","","92.97","","","","","","NA"
"-115.78","54.14","WHITECOURT","3067371","2016-04-20 13:00","2016","04","20","13:00","","1.5","","-7.3","","52","","","M","","M","12","","","","93.03","","","","","","NA"
"-115.78","54.14","WHITECOURT","3067371","2016-04-20 14:00","2016","04","20","14:00","","3.3","","-7.6","","45","","","M","","M","10","","","","93.09","","","","","","NA"
"-115.78","54.14","WHITECOURT","3067371","2016-04-20 15:00","2016","04","20","15:00","","6.3","","-7.2","","37","","","M","","M","13","","","","93.12","","","","","","NA"
"-115.78","54.14","WHITECOURT","3067371","2016-04-20 16:00","2016","04","20","16:00","","9.0","","-6.5","","33","","","M","","M","14","","","","93.13","","","","","","NA"
"-115.78","54.14","WHITECOURT","3067371","2016-04-20 17:00","2016","04","20","17:00","","11.3","","-5.6","","30","","","M","","M","6","","","","93.11","","","","","","NA"
"-115.78","54.14","WHITECOURT","3067371","2016-04-20 18:00","2016","04","20","18:00","","12.9","","-5.2","","28","","","M","","M","9","","","","93.07","","","","","","NA"
"-115.78","54.14","WHITECOURT","3067371","2016-04-20 19:00","2016","04","20","19:00","","14.1","","-7.7","","21","","","M","","M","9","","","","93.02","","","","","","NA"
"-115.78","54.14","WHITECOURT","3067371","2016-04-20 20:00","2016","04","20","20:00","","14.9","","-9.3","","18","","","M","","M","8","","","","92.98","","","","","","NA"
"-115.78","54.14","WHITECOURT","3067371","2016-04-20 21:00","2016","04","20","21:00","","16.5","","-8.4","","17","","","M","","M","4","","","","92.92","","","","","","NA"
"-115.78","54.14","WHITECOURT","3067371","2016-04-20 22:00","2016","04","20","22:00","","16.6","","-8.2","","17","","","M","","M","0","","","","92.88","","","","","","NA"
"-115.78","54.14","WHITECOURT","3067371","2016-04-20 23:00","2016","04","20","23:00","","15.9","","-3.3","","27","","","M","","M","25","","","","92.84","","","","","","NA"
"-115.78","54.14","WHITECOURT","3067371","2016-04-21 00:00","2016","04","21","00:00","","14.6","","-2.7","","30","","","M","","M","25","","","","92.83","","","","","","NA"
"-115.78","54.14","WHITECOURT","3067371","2016-04-21 01:00","2016","04","21","01:00","","12.9","","-2.9","","33","","","M","","M","22","","","","92.82","","","","","","NA"
"-115.78","54.14","WHITECOURT","3067371","2016-04-21 02:00","2016","04","21","02:00","","11.0","","-3.9","","35","","","M","","M","20","","","","92.82","","","","","","NA"
"-115.78","54.14","WHITECOURT","3067371","2016-04-21 03:00","2016","04","21","03:00","","8.9","","-4.8","","38","","","M","","M","17","","","","92.84","","","","","","NA"
"-115.78","54.14","WHITECOURT","3067371","2016-04-21 04:00","2016","04","21","04:00","","6.9","","-4.1","","45","","","M","","M","17","","","","92.90","","","","","","NA"
"-115.78","54.14","WHITECOURT","3067371","2016-04-21 05:00","2016","04","21","05:00","","5.5","","-5.1","","46","","","M","","M","18","","","","92.91","","","","","","NA"
"-115.78","54.14","WHITECOURT","3067371","2016-04-21 06:00","2016","04","21","06:00","","4.0","","-5.4","","51","","","M","","M","14","","","","92.92","","","","","","NA"
"-115.78","54.14","WHITECOURT","3067371","2016-04-21 07:00","2016","04","21","07:00","","2.9","","-5.4","","54","","","M","","M","11","","","","92.88","","","","","","NA"
"-115.78","54.14","WHITECOURT","3067371","2016-04-21 08:00","2016","04","21","08:00","","1.5","","-5.3","","61","","","M","","M","10","","","","92.88","","","","","","NA"
"-115.78","54.14","WHITECOURT","3067371","2016-04-21 09:00","2016","04","21","09:00","","0.9","","-5.5","","62","","","M","","M","9","","","","92.83","","","","","","NA"
"-115.78","54.14","WHITECOURT","3067371","2016-04-21 10:00","2016","04","21","10:00","","-0.1","","-5.6","","66","","","","","M","10","","","","92.79","","","","-3","","NA"
"-115.78","54.14","WHITECOURT","3067371","2016-04-21 11:00","2016","04","21","11:00","","-0.7","","-5.8","","69","","","","","M","15","","","","92.72","","","","-5","","NA"
"-115.78","54.14","WHITECOURT","3067371","2016-04-21 12:00","2016","04","21","12:00","","-1.6","","-5.6","","74","","","","","M","14","","","","92.69","","","","-6","","NA"
"-115.78","54.14","WHITECOURT","3067371","2016-04-21 13:00","2016","04","21","13:00","","-1.7","","-5.6","","75","","","","","M","11","","","","92.65","","","","-6","","NA"
"-115.78","54.14","WHITECOURT","3067371","2016-04-21 14:00","2016","04","21","14:00","","-0.5","","-5.1","","71","","","","","M","15","","","","92.64","","","","-5","","NA"
"-115.78","54.14","WHITECOURT","3067371","2016-04-21 15:00","2016","04","21","15:00"
"-115.78","54.14","WHITECOURT","3067371","2016-04-21 16:00","2016","04","21","16:00"
"-115.78","54.14","WHITECOURT","3067371","2016-04-21 17:00","2016","04","21","17:00"
"-115.78","54.14","WHITECOURT","3067371","2016-04-21 18:00","2016","04","21","18:00"
"-115.78","54.14","WHITECOURT","3067371","2016-04-21 19:00","2016","04","21","19:00"
"-115.78","54.14","WHITECOURT","3067371","2016-04-21 20:00","2016","04","21","20:00"
"-115.78","54.14","WHITECOURT","3067371","2016-04-21 21:00","2016","04","21","21:00"
"-115.78","54.14","WHITECOURT","3067371","2016-04-21 22:00","2016","04","21","22:00"
"-115.78","54.14","WHITECOURT","3067371","2016-04-21 23:00","2016","04","21","23:00"
"-115.78","54.14","WHITECOURT","3067371","2016-04-22 00:00","2016","04","22","00:00"
"-115.78","54.14","WHITECOURT","3067371","2016-04-22 01:00","2016","04","22","01:00"
"-115.78","54.14","WHITECOURT","3067371","2016-04-22 02:00","2016","04","22","02:00"
"-115.78","54.14","WHITECOURT","3067371","2016-04-22 03:00","2016","04","22","03:00"
"-115.78","54.14","WHITECOURT","3067371","2016-04-22 04:00","2016","04","22","04:00"
"-115.78","54.14","WHITECOURT","3067371","2016-04-22 05:00","2016","04","22","05:00"
"-115.78","54.14","WHITECOURT","3067371","2016-04-22 06:00","2016","04","22","06:00"
"-115.78","54.14","WHITECOURT","3067371","2016-04-22 07:00","2016","04","22","07:00"
"-115.78","54.14","WHITECOURT","3067371","2016-04-22 08:00","2016","04","22","08:00"
"-115.78","54.14","WHITECOURT","3067371","2016-04-22 09:00","2016","04","22","09:00"
"-115.78","54.14","WHITECOURT","3067371","2016-04-22 10:00","2016","04","22","10:00"
"-115.78","54.14","WHITECOURT","3067371","2016-04-22 11:00","2016","04","22","11:00"
"-115.78","54.14","WHITECOURT","3067371","2016-04-22 12:00","2016","04","22","12:00"
"-115.78","54.14","WHITECOURT","3067371","2016-04-22 13:00","2016","04","22","13:00"
"-115.78","54.14","WHITECOURT","3067371","2016-04-22 14:00","2016","04","22","14:00"
"-115.78","54.14","WHITECOURT","3067371","2016-04-22 15:00","2016","04","22","15:00"
"-115.78","54.14","WHITECOURT","3067371","2016-04-22 16:00","2016","04","22","16:00"
"-115.78","54.14","WHITECOURT","3067371","2016-04-22 17:00","2016","04","22","17:00"
"-115.78","54.14","WHITECOURT","3067371","2016-04-22 18:00","2016","04","22","18:00"
"-115.78","54.14","WHITECOURT","3067371","2016-04-22 19:00","2016","04","22","19:00"
"-115.78","54.14","WHITECOURT","3067371","2016-04-22 20:00","2016","04","22","20:00"
"-115.78","54.14","WHITECOURT","3067371","2016-04-22 21:00","2016","04","22","21:00"
"-115.78","54.14","WHITECOURT","3067371","2016-04-22 22:00","2016","04","22","22:00"
"-115.78","54.14","WHITECOURT","3067371","2016-04-22 23:00","2016","04","22","23:00"
"-115.78","54.14","WHITECOURT","3067371","2016-04-23 00:00","2016","04","23","00:00"
"-115.78","54.14","WHITECOURT","3067371","2016-04-23 01:00","2016","04","23","01:00"
"-115.78","54.14","WHITECOURT","3067371","2016-04-23 02:00","2016","04","23","02:00"
"-115.78","54.14","WHITECOURT","3067371","2016-04-23 03:00","2016","04","23","03:00"
"-115.78","54.14","WHITECOURT","3067371","2016-04-23 04:00","2016","04","23","04:00"
"-115.78","54.14","WHITECOURT","3067371","2016-04-23 05:00","2016","04","23","05:00"
"-115.78","54.14","WHITECOURT","3067371","2016-04-23 06:00","2016","04","23","06:00"
"-115.78","54.14","WHITECOURT","3067371","2016-04-23 07:00","2016","04","23","07:00"
"-115.78","54.14","WHITECOURT","3067371","2016-04-23 08:00","2016","04","23","08:00"
"-115.78","54.14","WHITECOURT","3067371","2016-04-23 09:00","2016","04","23","09:00"
"-115.78","54.14","WHITECOURT","3067371","2016-04-23 10:00","2016","04","23","10:00"
"-115.78","54.14","WHITECOURT","3067371","2016-04-23 11:00","2016","04","23","11:00"
"-115.78","54.14","WHITECOURT","3067371","2016-04-23 12:00","2016","04","23","12:00"
"-115.78","54.14","WHITECOURT","3067371","2016-04-23 13:00","2016","04","23","13:00"
"-115.78","54.14","WHITECOURT","3067371","2016-04-23 14:00","2016","04","23","14:00"
"-115.78","54.14","WHITECOURT","3067371","2016-04-23 15:00","2016","04","23","15:00"
"-115.78","54.14","WHITECOURT","3067371","2016-04-23 16:00","2016","04","23","16:00"
"-115.78","54.14","WHITECOURT","3067371","2016-04-23 17:00","2016","04","23","17:00"
"-115.78","54.14","WHITECOURT","3067371","2016-04-23 18:00","2016","04","23","18:00"
"-115.78","54.14","WHITECOURT","3067371","2016-04-23 19:00","2016","04","23","19:00"
"-115.78","54.14","WHITECOURT","3067371","2016-04-23 20:00","2016","04","23","20:00"
"-115.78","54.14","WHITECOURT","3067371","2016-04-23 21:00","2016","04","23","21:00"
"-115.78","54.14","WHITECOURT","3067371","2016-04-23 22:00","2016","04","23","22:00"
"-115.78","54.14","WHITECOURT","3067371","2016-04-23 23:00","2016","04","23","23:00"
"-115.78","54.14","WHITECOURT","3067371","2016-04-24 00:00","2016","04","24","00:00"
"-115.78","54.14","WHITECOURT","3067371","2016-04-24 01:00","2016","04","24","01:00"
"-115.78","54.14","WHITECOURT","3067371","2016-04-24 02:00","2016","04","24","02:00"
"-115.78","54.14","WHITECOURT","3067371","2016-04-24 03:00","2016","04","24","03:00"
"-115.78","54.14","WHITECOURT","3067371","2016-04-24 04:00","2016","04","24","04:00"
"-115.78","54.14","WHITECOURT","3067371","2016-04-24 05:00","2016","04","24","05:00"
"-115.78","54.14","WHITECOURT","3067371","2016-04-24 06:00","2016","04","24","06:00"
"-115.78","54.14","WHITECOURT","3067371","2016-04-24 07:00","2016","04","24","07:00"
"-115.78","54.14","WHITECOURT","3067371","2016-04-24 08:00","2016","04","24","08:00"
"-115.78","54.14","WHITECOURT","3067371","2016-04-24 09:00","2016","04","24","09:00"
"-115.78","54.14","WHITECOURT","3067371","2016-04-24 10:00","2016","04","24","10:00"
"-115.78","54.14","WHITECOURT","3067371","2016-04-24 11:00","2016","04","24","11:00"
"-115.78","54.14","WHITECOURT","3067371","2016-04-24 12:00","2016","04","24","12:00"
"-115.78","54.14","WHITECOURT","3067371","2016-04-24 13:00","2016","04","24","13:00"
"-115.78","54.14","WHITECOURT","3067371","2016-04-24 14:00","2016","04","24","14:00"
"-115.78","54.14","WHITECOURT","3067371","2016-04-24 15:00","2016","04","24","15:00"
"-115.78","54.14","WHITECOURT","3067371","2016-04-24 16:00","2016","04","24","16:00"
"-115.78","54.14","WHITECOURT","3067371","2016-04-24 17:00","2016","04","24","17:00"
"-115.78","54.14","WHITECOURT","3067371","2016-04-24 18:00","2016","04","24","18:00"
"-115.78","54.14","WHITECOURT","3067371","2016-04-24 19:00","2016","04","24","19:00"
"-115.78","54.14","WHITECOURT","3067371","2016-04-24 20:00","2016","04","24","20:00"
"-115.78","54.14","WHITECOURT","3067371","2016-04-24 21:00","2016","04","24","21:00"
"-115.78","54.14","WHITECOURT","3067371","2016-04-24 22:00","2016","04","24","22:00"
"-115.78","54.14","WHITECOURT","3067371","2016-04-24 23:00","2016","04","24","23:00"
"-115.78","54.14","WHITECOURT","3067371","2016-04-25 00:00","2016","04","25","00:00"
"-115.78","54.14","WHITECOURT","3067371","2016-04-25 01:00","2016","04","25","01:00"
"-115.78","54.14","WHITECOURT","3067371","2016-04-25 02:00","2016","04","25","02:00"
"-115.78","54.14","WHITECOURT","3067371","2016-04-25 03:00","2016","04","25","03:00"
"-115.78","54.14","WHITECOURT","3067371","2016-04-25 04:00","2016","04","25","04:00"
"-115.78","54.14","WHITECOURT","3067371","2016-04-25 05:00","2016","04","25","05:00"
"-115.78","54.14","WHITECOURT","3067371","2016-04-25 06:00","2016","04","25","06:00"
"-115.78","54.14","WHITECOURT","3067371","2016-04-25 07:00","2016","04","25","07:00"
"-115.78","54.14","WHITECOURT","3067371","2016-04-25 08:00","2016","04","25","08:00"
"-115.78","54.14","WHITECOURT","3067371","2016-04-25 09:00","2016","04","25","09:00"
"-115.78","54.14","WHITECOURT","3067371","2016-04-25 10:00","2016","04","25","10:00"
"-115.78","54.14","WHITECOURT","3067371","2016-04-25 11:00","2016","04","25","11:00"
"-115.78","54.14","WHITECOURT","3067371","2016-04-25 12:00","2016","04","25","12:00"
"-115.78","54.14","WHITECOURT","3067371","2016-04-25 13:00","2016","04","25","13:00"
"-115.78","54.14","WHITECOURT","3067371","2016-04-25 14:00","2016","04","25","14:00"
"-115.78","54.14","WHITECOURT","3067371","2016-04-25 15:00","2016","04","25","15:00"
"-115.78","54.14","WHITECOURT","3067371","2016-04-25 16:00","2016","04","25","16:00"
"-115.78","54.14","WHITECOURT","3067371","2016-04-25 17:00","2016","04","25","17:00"
"-115.78","54.14","WHITECOURT","3067371","2016-04-25 18:00","2016","04","25","18:00"
"-115.78","54.14","WHITECOURT","3067371","2016-04-25 19:00","2016","04","25","19:00"
"-115.78","54.14","WHITECOURT","3067371","2016-04-25 20:00","2016","04","25","20:00"
"-115.78","54.14","WHITECOURT","3067371","2016-04-25 21:00","2016","04","25","21:00"
"-115.78","54.14","WHITECOURT","3067371","2016-04-25 22:00","2016","04","25","22:00"
"-115.78","54.14","WHITECOURT","3067371","2016-04-25 23:00","2016","04","25","23:00"
"-115.78","54.14","WHITECOURT","3067371","2016-04-26 00:00","2016","04","26","00:00"
"-115.78","54.14","WHITECOURT","3067371","2016-04-26 01:00","2016","04","26","01:00"
"-115.78","54.14","WHITECOURT","3067371","2016-04-26 02:00","2016","04","26","02:00"
"-115.78","54.14","WHITECOURT","3067371","2016-04-26 03:00","2016","04","26","03:00"
"-115.78","54.14","WHITECOURT","3067371","2016-04-26 04:00","2016","04","26","04:00"
"-115.78","54.14","WHITECOURT","3067371","2016-04-26 05:00","2016","04","26","05:00"
"-115.78","54.14","WHITECOURT","3067371","2016-04-26 06:00","2016","04","26","06:00"
"-115.78","54.14","WHITECOURT","3067371","2016-04-26 07:00","2016","04","26","07:00"
"-115.78","54.14","WHITECOURT","3067371","2016-04-26 08:00","2016","04","26","08:00"
"-115.78","54.14","WHITECOURT","3067371","2016-04-26 09:00","2016","04","26","09:00"
"-115.78","54.14","WHITECOURT","3067371","2016-04-26 10:00","2016","04","26","10:00"
"-115.78","54.14","WHITECOURT","3067371","2016-04-26 11:00","2016","04","26","11:00"
"-115.78","54.14","WHITECOURT","3067371","2016-04-26 12:00","2016","04","26","12:00"
"-115.78","54.14","WHITECOURT","3067371","2016-04-26 13:00","2016","04","26","13:00"
"-115.78","54.14","WHITECOURT","3067371","2016-04-26 14:00","2016","04","26","14:00"
"-115.78","54.14","WHITECOURT","3067371","2016-04-26 15:00","2016","04","26","15:00"
"-115.78","54.14","WHITECOURT","3067371","2016-04-26 16:00","2016","04","26","16:00"
"-115.78","54.14","WHITECOURT","3067371","2016-04-26 17:00","2016","04","26","17:00"
"-115.78","54.14","WHITECOURT","3067371","2016-04-26 18:00","2016","04","26","18:00"
"-115.78","54.14","WHITECOURT","3067371","2016-04-26 19:00","2016","04","26","19:00"
"-115.78","54.14","WHITECOURT","3067371","2016-04-26 20:00","2016","04","26","20:00"
"-115.78","54.14","WHITECOURT","3067371","2016-04-26 21:00","2016","04","26","21:00"
"-115.78","54.14","WHITECOURT","3067371","2016-04-26 22:00","2016","04","26","22:00"
"-115.78","54.14","WHITECOURT","3067371","2016-04-26 23:00","2016","04","26","23:00"
"-115.78","54.14","WHITECOURT","3067371","2016-04-27 00:00","2016","04","27","00:00"
"-115.78","54.14","WHITECOURT","3067371","2016-04-27 01:00","2016","04","27","01:00"
"-115.78","54.14","WHITECOURT","3067371","2016-04-27 02:00","2016","04","27","02:00"
"-115.78","54.14","WHITECOURT","3067371","2016-04-27 03:00","2016","04","27","03:00"
"-115.78","54.14","WHITECOURT","3067371","2016-04-27 04:00","2016","04","27","04:00"
"-115.78","54.14","WHITECOURT","3067371","2016-04-27 05:00","2016","04","27","05:00"
"-115.78","54.14","WHITECOURT","3067371","2016-04-27 06:00","2016","04","27","06:00"
"-115.78","54.14","WHITECOURT","3067371","2016-04-27 07:00","2016","04","27","07:00"
"-115.78","54.14","WHITECOURT","3067371","2016-04-27 08:00","2016","04","27","08:00"
"-115.78","54.14","WHITECOURT","3067371","2016-04-27 09:00","2016","04","27","09:00"
"-115.78","54.14","WHITECOURT","3067371","2016-04-27 10:00","2016","04","27","10:00"
"-115.78","54.14","WHITECOURT","3067371","2016-04-27 11:00","2016","04","27","11:00"
"-115.78","54.14","WHITECOURT","3067371","2016-04-27 12:00","2016","04","27","12:00"
"-115.78","54.14","WHITECOURT","3067371","2016-04-27 13:00","2016","04","27","13:00"
"-115.78","54.14","WHITECOURT","3067371","2016-04-27 14:00","2016","04","27","14:00"
"-115.78","54.14","WHITECOURT","3067371","2016-04-27 15:00","2016","04","27","15:00"
"-115.78","54.14","WHITECOURT","3067371","2016-04-27 16:00","2016","04","27","16:00"
"-115.78","54.14","WHITECOURT","3067371","2016-04-27 17:00","2016","04","27","17:00"
"-115.78","54.14","WHITECOURT","3067371","2016-04-27 18:00","2016","04","27","18:00"
"-115.78","54.14","WHITECOURT","3067371","2016-04-27 19:00","2016","04","27","19:00"
"-115.78","54.14","WHITECOURT","3067371","2016-04-27 20:00","2016","04","27","20:00"
"-115.78","54.14","WHITECOURT","3067371","2016-04-27 21:00","2016","04","27","21:00"
"-115.78","54.14","WHITECOURT","3067371","2016-04-27 22:00","2016","04","27","22:00"
"-115.78","54.14","WHITECOURT","3067371","2016-04-27 23:00","2016","04","27","23:00"
"-115.78","54.14","WHITECOURT","3067371","2016-04-28 00:00","2016","04","28","00:00"
"-115.78","54.14","WHITECOURT","3067371","2016-04-28 01:00","2016","04","28","01:00"
"-115.78","54.14","WHITECOURT","3067371","2016-04-28 02:00","2016","04","28","02:00"
"-115.78","54.14","WHITECOURT","3067371","2016-04-28 03:00","2016","04","28","03:00"
"-115.78","54.14","WHITECOURT","3067371","2016-04-28 04:00","2016","04","28","04:00"
"-115.78","54.14","WHITECOURT","3067371","2016-04-28 05:00","2016","04","28","05:00"
"-115.78","54.14","WHITECOURT","3067371","2016-04-28 06:00","2016","04","28","06:00"
"-115.78","54.14","WHITECOURT","3067371","2016-04-28 07:00","2016","04","28","07:00"
"-115.78","54.14","WHITECOURT","3067371","2016-04-28 08:00","2016","04","28","08:00"
"-115.78","54.14","WHITECOURT","3067371","2016-04-28 09:00","2016","04","28","09:00"
"-115.78","54.14","WHITECOURT","3067371","2016-04-28 10:00","2016","04","28","10:00"
"-115.78","54.14","WHITECOURT","3067371","2016-04-28 11:00","2016","04","28","11:00"
"-115.78","54.14","WHITECOURT","3067371","2016-04-28 12:00","2016","04","28","12:00"
"-115.78","54.14","WHITECOURT","3067371","2016-04-28 13:00","2016","04","28","13:00"
"-115.78","54.14","WHITECOURT","3067371","2016-04-28 14:00","2016","04","28","14:00"
"-115.78","54.14","WHITECOURT","3067371","2016-04-28 15:00","2016","04","28","15:00"
"-115.78","54.14","WHITECOURT","3067371","2016-04-28 16:00","2016","04","28","16:00"
"-115.78","54.14","WHITECOURT","3067371","2016-04-28 17:00","2016","04","28","17:00"
"-115.78","54.14","WHITECOURT","3067371","2016-04-28 18:00","2016","04","28","18:00"
"-115.78","54.14","WHITECOURT","3067371","2016-04-28 19:00","2016","04","28","19:00"
"-115.78","54.14","WHITECOURT","3067371","2016-04-28 20:00","2016","04","28","20:00"
"-115.78","54.14","WHITECOURT","3067371","2016-04-28 21:00","2016","04","28","21:00"
"-115.78","54.14","WHITECOURT","3067371","2016-04-28 22:00","2016","04","28","22:00"
"-115.78","54.14","WHITECOURT","3067371","2016-04-28 23:00","2016","04","28","23:00"
"-115.78","54.14","WHITECOURT","3067371","2016-04-29 00:00","2016","04","29","00:00"
"-115.78","54.14","WHITECOURT","3067371","2016-04-29 01:00","2016","04","29","01:00"
"-115.78","54.14","WHITECOURT","3067371","2016-04-29 02:00","2016","04","29","02:00"
"-115.78","54.14","WHITECOURT","3067371","2016-04-29 03:00","2016","04","29","03:00"
"-115.78","54.14","WHITECOURT","3067371","2016-04-29 04:00","2016","04","29","04:00"
"-115.78","54.14","WHITECOURT","3067371","2016-04-29 05:00","2016","04","29","05:00"
"-115.78","54.14","WHITECOURT","3067371","2016-04-29 06:00","2016","04","29","06:00"
"-115.78","54.14","WHITECOURT","3067371","2016-04-29 07:00","2016","04","29","07:00"
"-115.78","54.14","WHITECOURT","3067371","2016-04-29 08:00","2016","04","29","08:00"
"-115.78","54.14","WHITECOURT","3067371","2016-04-29 09:00","2016","04","29","09:00"
"-115.78","54.14","WHITECOURT","3067371","2016-04-29 10:00","2016","04","29","10:00"
"-115.78","54.14","WHITECOURT","3067371","2016-04-29 11:00","2016","04","29","11:00"
"-115.78","54.14","WHITECOURT","3067371","2016-04-29 12:00","2016","04","29","12:00"
"-115.78","54.14","WHITECOURT","3067371","2016-04-29 13:00","2016","04","29","13:00"
"-115.78","54.14","WHITECOURT","3067371","2016-04-29 14:00","2016","04","29","14:00"
"-115.78","54.14","WHITECOURT","3067371","2016-04-29 15:00","2016","04","29","15:00"
"-115.78","54.14","WHITECOURT","3067371","2016-04-29 16:00","2016","04","29","16:00"
"-115.78","54.14","WHITECOURT","3067371","2016-04-29 17:00","2016","04","29","17:00"
"-115.78","54.14","WHITECOURT","3067371","2016-04-29 18:00","2016","04","29","18:00"
"-115.78","54.14","WHITECOURT","3067371","2016-04-29 19:00","2016","04","29","19:00"
"-115.78","54.14","WHITECOURT","3067371","2016-04-29 20:00","2016","04","29","20:00"
"-115.78","54.14","WHITECOURT","3067371","2016-04-29 21:00","2016","04","29","21:00"
"-115.78","54.14","WHITECOURT","3067371","2016-04-29 22:00","2016","04","29","22:00"
"-115.78","54.14","WHITECOURT","3067371","2016-04-29 23:00","2016","04","29","23:00"
"-115.78","54.14","WHITECOURT","3067371","2016-04-30 00:00","2016","04","30","00:00"
"-115.78","54.14","WHITECOURT","3067371","2016-04-30 01:00","2016","04","30","01:00"
"-115.78","54.14","WHITECOURT","3067371","2016-04-30 02:00","2016","04","30","02:00"
"-115.78","54.14","WHITECOURT","3067371","2016-04-30 03:00","2016","04","30","03:00"
"-115.78","54.14","WHITECOURT","3067371","2016-04-30 04:00","2016","04","30","04:00"
"-115.78","54.14","WHITECOURT","3067371","2016-04-30 05:00","2016","04","30","05:00"
"-115.78","54.14","WHITECOURT","3067371","2016-04-30 06:00","2016","04","30","06:00"
"-115.78","54.14","WHITECOURT","3067371","2016-04-30 07:00","2016","04","30","07:00"
"-115.78","54.14","WHITECOURT","3067371","2016-04-30 08:00","2016","04","30","08:00"
"-115.78","54.14","WHITECOURT","3067371","2016-04-30 09:00","2016","04","30","09:00"
"-115.78","54.14","WHITECOURT","3067371","2016-04-30 10:00","2016","04","30","10:00"
"-115.78","54.14","WHITECOURT","3067371","2016-04-30 11:00","2016","04","30","11:00"
"-115.78","54.14","WHITECOURT","3067371","2016-04-30 12:00","2016","04","30","12:00"
"-115.78","54.14","WHITECOURT","3067371","2016-04-30 13:00","2016","04","30","13:00"
"-115.78","54.14","WHITECOURT","3067371","2016-04-30 14:00","2016","04","30","14:00"
"-115.78","54.14","WHITECOURT","3067371","2016-04-30 15:00","2016","04","30","15:00"
"-115.78","54.14","WHITECOURT","3067371","2016-04-30 16:00","2016","04","30","16:00"
"-115.78","54.14","WHITECOURT","3067371","2016-04-30 17:00","2016","04","30","17:00"
"-115.78","54.14","WHITECOURT","3067371","2016-04-30 18:00","2016","04","30","18:00"
"-115.78","54.14","WHITECOURT","3067371","2016-04-30 19:00","2016","04","30","19:00"
"-115.78","54.14","WHITECOURT","3067371","2016-04-30 20:00","2016","04","30","20:00"
"-115.78","54.14","WHITECOURT","3067371","2016-04-30 21:00","2016","04","30","21:00"
"-115.78","54.14","WHITECOURT","3067371","2016-04-30 22:00","2016","04","30","22:00"
"-115.78","54.14","WHITECOURT","3067371","2016-04-30 23:00","2016","04","30","23:00"
